year,age_group_code,age_group_label_tr,sex_code,sex_label_tr,population_persons,obs_status
2007,Y0T4,0-4,1,Erkek,2978972,
2007,Y0T4,0-4,2,Kadın,2814934,
2007,Y5T9,5-9,1,Erkek,3303329,
2007,Y5T9,5-9,2,Kadın,3133498,
2007,Y10T14,10-14,1,Erkek,3288472,
2007,Y10T14,10-14,2,Kadın,3123186,
2007,Y15T19,15-19,1,Erkek,3159723,
2007,Y15T19,15-19,2,Kadın,2997310,
2007,Y20T24,20-24,1,Erkek,3181804,
2007,Y20T24,20-24,2,Kadın,3058769,
2007,Y25T29,25-29,1,Erkek,3295102,
2007,Y25T29,25-29,2,Kadın,3217736,
2007,Y30T34,30-34,1,Erkek,2885151,
2007,Y30T34,30-34,2,Kadın,2842548,
2007,Y35T39,35-39,1,Erkek,2565112,
2007,Y35T39,35-39,2,Kadın,2507329,
2007,Y40T44,40-44,1,Erkek,2379314,
2007,Y40T44,40-44,2,Kadın,2346486,
2007,Y45T49,45-49,1,Erkek,2057626,
2007,Y45T49,45-49,2,Kadın,2027439,
2007,Y50T54,50-54,1,Erkek,1781029,
2007,Y50T54,50-54,2,Kadın,1784640,
2007,Y55T59,55-59,1,Erkek,1369618,
2007,Y55T59,55-59,2,Kadın,1419240,
2007,Y60T64,60-64,1,Erkek,981178,
2007,Y60T64,60-64,2,Kadın,1086536,
2007,Y65T69,65-69,1,Erkek,781165,
2007,Y65T69,65-69,2,Kadın,917418,
2007,Y70T74,70-74,1,Erkek,629241,
2007,Y70T74,70-74,2,Kadın,743836,
2007,Y75T79,75-79,1,Erkek,441289,
2007,Y75T79,75-79,2,Kadın,628672,
2007,Y80T84,80-84,1,Erkek,212383,
2007,Y80T84,80-84,2,Kadın,366496,
2007,Y85T89,85-89,1,Erkek,58552,
2007,Y85T89,85-89,2,Kadın,123636,
2007,Y_GE90,90+,1,Erkek,27473,
2007,Y_GE90,90+,2,Kadın,70014,
2008,Y0T4,0-4,1,Erkek,3082338,
2008,Y0T4,0-4,2,Kadın,2915920,
2008,Y5T9,5-9,1,Erkek,3242581,
2008,Y5T9,5-9,2,Kadın,3075551,
2008,Y10T14,10-14,1,Erkek,3322041,
2008,Y10T14,10-14,2,Kadın,3150156,
2008,Y15T19,15-19,1,Erkek,3171917,
2008,Y15T19,15-19,2,Kadın,3013187,
2008,Y20T24,20-24,1,Erkek,3187625,
2008,Y20T24,20-24,2,Kadın,3068933,
2008,Y25T29,25-29,1,Erkek,3300291,
2008,Y25T29,25-29,2,Kadın,3218546,
2008,Y30T34,30-34,1,Erkek,2939518,
2008,Y30T34,30-34,2,Kadın,2870589,
2008,Y35T39,35-39,1,Erkek,2680941,
2008,Y35T39,35-39,2,Kadın,2649543,
2008,Y40T44,40-44,1,Erkek,2397706,
2008,Y40T44,40-44,2,Kadın,2342544,
2008,Y45T49,45-49,1,Erkek,2153427,
2008,Y45T49,45-49,2,Kadın,2130748,
2008,Y50T54,50-54,1,Erkek,1824582,
2008,Y50T54,50-54,2,Kadın,1818591,
2008,Y55T59,55-59,1,Erkek,1423445,
2008,Y55T59,55-59,2,Kadın,1454659,
2008,Y60T64,60-64,1,Erkek,1035261,
2008,Y60T64,60-64,2,Kadın,1153037,
2008,Y65T69,65-69,1,Erkek,783680,
2008,Y65T69,65-69,2,Kadın,917704,
2008,Y70T74,70-74,1,Erkek,575433,
2008,Y70T74,70-74,2,Kadın,699248,
2008,Y75T79,75-79,1,Erkek,492226,
2008,Y75T79,75-79,2,Kadın,618556,
2008,Y80T84,80-84,1,Erkek,213336,
2008,Y80T84,80-84,2,Kadın,357843,
2008,Y85T89,85-89,1,Erkek,59076,
2008,Y85T89,85-89,2,Kadın,116145,
2008,Y_GE90,90+,1,Erkek,15730,
2008,Y_GE90,90+,2,Kadın,44446,
2009,Y0T4,0-4,1,Erkek,3161153,
2009,Y0T4,0-4,2,Kadın,2994168,
2009,Y5T9,5-9,1,Erkek,3183784,
2009,Y5T9,5-9,2,Kadın,3017863,
2009,Y10T14,10-14,1,Erkek,3336975,
2009,Y10T14,10-14,2,Kadın,3165391,
2009,Y15T19,15-19,1,Erkek,3197293,
2009,Y15T19,15-19,2,Kadın,3037327,
2009,Y20T24,20-24,1,Erkek,3204748,
2009,Y20T24,20-24,2,Kadın,3075369,
2009,Y25T29,25-29,1,Erkek,3306767,
2009,Y25T29,25-29,2,Kadın,3202093,
2009,Y30T34,30-34,1,Erkek,2998464,
2009,Y30T34,30-34,2,Kadın,2912568,
2009,Y35T39,35-39,1,Erkek,2764856,
2009,Y35T39,35-39,2,Kadın,2740457,
2009,Y40T44,40-44,1,Erkek,2379230,
2009,Y40T44,40-44,2,Kadın,2296915,
2009,Y45T49,45-49,1,Erkek,2241542,
2009,Y45T49,45-49,2,Kadın,2228411,
2009,Y50T54,50-54,1,Erkek,1878374,
2009,Y50T54,50-54,2,Kadın,1847369,
2009,Y55T59,55-59,1,Erkek,1461936,
2009,Y55T59,55-59,2,Kadın,1483667,
2009,Y60T64,60-64,1,Erkek,1124584,
2009,Y60T64,60-64,2,Kadın,1236594,
2009,Y65T69,65-69,1,Erkek,803062,
2009,Y65T69,65-69,2,Kadın,920652,
2009,Y70T74,70-74,1,Erkek,586824,
2009,Y70T74,70-74,2,Kadın,736844,
2009,Y75T79,75-79,1,Erkek,516617,
2009,Y75T79,75-79,2,Kadın,629315,
2009,Y80T84,80-84,1,Erkek,228954,
2009,Y80T84,80-84,2,Kadın,382749,
2009,Y85T89,85-89,1,Erkek,70842,
2009,Y85T89,85-89,2,Kadın,140725,
2009,Y_GE90,90+,1,Erkek,16465,
2009,Y_GE90,90+,2,Kadın,50365,
2010,Y0T4,0-4,1,Erkek,3173092,
2010,Y0T4,0-4,2,Kadın,3005631,
2010,Y5T9,5-9,1,Erkek,3148210,
2010,Y5T9,5-9,2,Kadın,2982908,
2010,Y10T14,10-14,1,Erkek,3369995,
2010,Y10T14,10-14,2,Kadın,3198746,
2010,Y15T19,15-19,1,Erkek,3219221,
2010,Y15T19,15-19,2,Kadın,3058086,
2010,Y20T24,20-24,1,Erkek,3200959,
2010,Y20T24,20-24,2,Kadın,3066828,
2010,Y25T29,25-29,1,Erkek,3275153,
2010,Y25T29,25-29,2,Kadın,3162769,
2010,Y30T34,30-34,1,Erkek,3146214,
2010,Y30T34,30-34,2,Kadın,3063753,
2010,Y35T39,35-39,1,Erkek,2798870,
2010,Y35T39,35-39,2,Kadın,2767247,
2010,Y40T44,40-44,1,Erkek,2344747,
2010,Y40T44,40-44,2,Kadın,2249976,
2010,Y45T49,45-49,1,Erkek,2358913,
2010,Y45T49,45-49,2,Kadın,2341378,
2010,Y50T54,50-54,1,Erkek,1871231,
2010,Y50T54,50-54,2,Kadın,1835058,
2010,Y55T59,55-59,1,Erkek,1614971,
2010,Y55T59,55-59,2,Kadın,1649342,
2010,Y60T64,60-64,1,Erkek,1190577,
2010,Y60T64,60-64,2,Kadın,1301377,
2010,Y65T69,65-69,1,Erkek,848726,
2010,Y65T69,65-69,2,Kadın,958566,
2010,Y70T74,70-74,1,Erkek,633016,
2010,Y70T74,70-74,2,Kadın,787768,
2010,Y75T79,75-79,1,Erkek,502175,
2010,Y75T79,75-79,2,Kadın,615872,
2010,Y80T84,80-84,1,Erkek,245975,
2010,Y80T84,80-84,2,Kadın,418326,
2010,Y85T89,85-89,1,Erkek,83179,
2010,Y85T89,85-89,2,Kadın,161183,
2010,Y_GE90,90+,1,Erkek,17958,
2010,Y_GE90,90+,2,Kadın,54992,
2011,Y0T4,0-4,1,Erkek,3184160,
2011,Y0T4,0-4,2,Kadın,3015664,
2011,Y5T9,5-9,1,Erkek,3123697,
2011,Y5T9,5-9,2,Kadın,2960449,
2011,Y10T14,10-14,1,Erkek,3386882,
2011,Y10T14,10-14,2,Kadın,3215723,
2011,Y15T19,15-19,1,Erkek,3240196,
2011,Y15T19,15-19,2,Kadın,3077387,
2011,Y20T24,20-24,1,Erkek,3173618,
2011,Y20T24,20-24,2,Kadın,3050973,
2011,Y25T29,25-29,1,Erkek,3210343,
2011,Y25T29,25-29,2,Kadın,3095890,
2011,Y30T34,30-34,1,Erkek,3285387,
2011,Y30T34,30-34,2,Kadın,3210247,
2011,Y35T39,35-39,1,Erkek,2837182,
2011,Y35T39,35-39,2,Kadın,2795560,
2011,Y40T44,40-44,1,Erkek,2430841,
2011,Y40T44,40-44,2,Kadın,2339933,
2011,Y45T49,45-49,1,Erkek,2405435,
2011,Y45T49,45-49,2,Kadın,2380649,
2011,Y50T54,50-54,1,Erkek,1909912,
2011,Y50T54,50-54,2,Kadın,1882524,
2011,Y55T59,55-59,1,Erkek,1716102,
2011,Y55T59,55-59,2,Kadın,1738313,
2011,Y60T64,60-64,1,Erkek,1231274,
2011,Y60T64,60-64,2,Kadın,1335213,
2011,Y65T69,65-69,1,Erkek,876489,
2011,Y65T69,65-69,2,Kadın,991686,
2011,Y70T74,70-74,1,Erkek,649739,
2011,Y70T74,70-74,2,Kadın,801629,
2011,Y75T79,75-79,1,Erkek,497023,
2011,Y75T79,75-79,2,Kadın,621287,
2011,Y80T84,80-84,1,Erkek,260355,
2011,Y80T84,80-84,2,Kadın,428485,
2011,Y85T89,85-89,1,Erkek,94160,
2011,Y85T89,85-89,2,Kadın,190434,
2011,Y_GE90,90+,1,Erkek,20159,
2011,Y_GE90,90+,2,Kadın,59269,
2012,Y0T4,0-4,1,Erkek,3182650,
2012,Y0T4,0-4,2,Kadın,3016307,
2012,Y5T9,5-9,1,Erkek,3161223,
2012,Y5T9,5-9,2,Kadın,2997741,
2012,Y10T14,10-14,1,Erkek,3334509,
2012,Y10T14,10-14,2,Kadın,3164749,
2012,Y15T19,15-19,1,Erkek,3286864,
2012,Y15T19,15-19,2,Kadın,3118688,
2012,Y20T24,20-24,1,Erkek,3151253,
2012,Y20T24,20-24,2,Kadın,3034836,
2012,Y25T29,25-29,1,Erkek,3185423,
2012,Y25T29,25-29,2,Kadın,3085255,
2012,Y30T34,30-34,1,Erkek,3307333,
2012,Y30T34,30-34,2,Kadın,3237594,
2012,Y35T39,35-39,1,Erkek,2890170,
2012,Y35T39,35-39,2,Kadın,2841007,
2012,Y40T44,40-44,1,Erkek,2565499,
2012,Y40T44,40-44,2,Kadın,2498561,
2012,Y45T49,45-49,1,Erkek,2368340,
2012,Y45T49,45-49,2,Kadın,2331081,
2012,Y50T54,50-54,1,Erkek,2029218,
2012,Y50T54,50-54,2,Kadın,2009980,
2012,Y55T59,55-59,1,Erkek,1727004,
2012,Y55T59,55-59,2,Kadın,1751578,
2012,Y60T64,60-64,1,Erkek,1292769,
2012,Y60T64,60-64,2,Kadın,1375749,
2012,Y65T69,65-69,1,Erkek,899831,
2012,Y65T69,65-69,2,Kadın,1028555,
2012,Y70T74,70-74,1,Erkek,671942,
2012,Y70T74,70-74,2,Kadın,828184,
2012,Y75T79,75-79,1,Erkek,484634,
2012,Y75T79,75-79,2,Kadın,617492,
2012,Y80T84,80-84,1,Erkek,289054,
2012,Y80T84,80-84,2,Kadın,456612,
2012,Y85T89,85-89,1,Erkek,105608,
2012,Y85T89,85-89,2,Kadın,210382,
2012,Y_GE90,90+,1,Erkek,22844,
2012,Y_GE90,90+,2,Kadın,66865,
2013,Y0T4,0-4,1,Erkek,3187259,
2013,Y0T4,0-4,2,Kadın,3019156,
2013,Y5T9,5-9,1,Erkek,3218411,
2013,Y5T9,5-9,2,Kadın,3052823,
2013,Y10T14,10-14,1,Erkek,3269578,
2013,Y10T14,10-14,2,Kadın,3102587,
2013,Y15T19,15-19,1,Erkek,3327238,
2013,Y15T19,15-19,2,Kadın,3150484,
2013,Y20T24,20-24,1,Erkek,3166104,
2013,Y20T24,20-24,2,Kadın,3047920,
2013,Y25T29,25-29,1,Erkek,3189167,
2013,Y25T29,25-29,2,Kadın,3097165,
2013,Y30T34,30-34,1,Erkek,3305734,
2013,Y30T34,30-34,2,Kadın,3237935,
2013,Y35T39,35-39,1,Erkek,2946289,
2013,Y35T39,35-39,2,Kadın,2879860,
2013,Y40T44,40-44,1,Erkek,2673800,
2013,Y40T44,40-44,2,Kadın,2634460,
2013,Y45T49,45-49,1,Erkek,2389852,
2013,Y45T49,45-49,2,Kadın,2331911,
2013,Y50T54,50-54,1,Erkek,2123029,
2013,Y50T54,50-54,2,Kadın,2109763,
2013,Y55T59,55-59,1,Erkek,1769399,
2013,Y55T59,55-59,2,Kadın,1785786,
2013,Y60T64,60-64,1,Erkek,1346426,
2013,Y60T64,60-64,2,Kadın,1414034,
2013,Y65T69,65-69,1,Erkek,950337,
2013,Y65T69,65-69,2,Kadın,1095061,
2013,Y70T74,70-74,1,Erkek,674943,
2013,Y70T74,70-74,2,Kadın,832785,
2013,Y75T79,75-79,1,Erkek,461225,
2013,Y75T79,75-79,2,Kadın,616070,
2013,Y80T84,80-84,1,Erkek,335943,
2013,Y80T84,80-84,2,Kadın,484663,
2013,Y85T89,85-89,1,Erkek,112700,
2013,Y85T89,85-89,2,Kadın,228962,
2013,Y_GE90,90+,1,Erkek,25926,
2013,Y_GE90,90+,2,Kadın,73079,
2014,Y0T4,0-4,1,Erkek,3231903,
2014,Y0T4,0-4,2,Kadın,3062630,
2014,Y5T9,5-9,1,Erkek,3241355,
2014,Y5T9,5-9,2,Kadın,3074273,
2014,Y10T14,10-14,1,Erkek,3209897,
2014,Y10T14,10-14,2,Kadın,3042372,
2014,Y15T19,15-19,1,Erkek,3349081,
2014,Y15T19,15-19,2,Kadın,3169840,
2014,Y20T24,20-24,1,Erkek,3191641,
2014,Y20T24,20-24,2,Kadın,3071819,
2014,Y25T29,25-29,1,Erkek,3179412,
2014,Y25T29,25-29,2,Kadın,3093790,
2014,Y30T34,30-34,1,Erkek,3294389,
2014,Y30T34,30-34,2,Kadın,3221905,
2014,Y35T39,35-39,1,Erkek,2996001,
2014,Y35T39,35-39,2,Kadın,2922335,
2014,Y40T44,40-44,1,Erkek,2766305,
2014,Y40T44,40-44,2,Kadın,2744032,
2014,Y45T49,45-49,1,Erkek,2375494,
2014,Y45T49,45-49,2,Kadın,2298768,
2014,Y50T54,50-54,1,Erkek,2218311,
2014,Y50T54,50-54,2,Kadın,2220111,
2014,Y55T59,55-59,1,Erkek,1828486,
2014,Y55T59,55-59,2,Kadın,1828077,
2014,Y60T64,60-64,1,Erkek,1402604,
2014,Y60T64,60-64,2,Kadın,1468111,
2014,Y65T69,65-69,1,Erkek,1030716,
2014,Y65T69,65-69,2,Kadın,1184988,
2014,Y70T74,70-74,1,Erkek,699604,
2014,Y70T74,70-74,2,Kadın,857631,
2014,Y75T79,75-79,1,Erkek,465081,
2014,Y75T79,75-79,2,Kadın,639097,
2014,Y80T84,80-84,1,Erkek,353906,
2014,Y80T84,80-84,2,Kadın,486504,
2014,Y85T89,85-89,1,Erkek,119892,
2014,Y85T89,85-89,2,Kadın,240266,
2014,Y_GE90,90+,1,Erkek,30224,
2014,Y_GE90,90+,2,Kadın,85053,
2015,Y0T4,0-4,1,Erkek,3275520,
2015,Y0T4,0-4,2,Kadın,3105996,
2015,Y5T9,5-9,1,Erkek,3252811,
2015,Y5T9,5-9,2,Kadın,3084908,
2015,Y10T14,10-14,1,Erkek,3166860,
2015,Y10T14,10-14,2,Kadın,3000125,
2015,Y15T19,15-19,1,Erkek,3382363,
2015,Y15T19,15-19,2,Kadın,3203137,
2015,Y20T24,20-24,1,Erkek,3224168,
2015,Y20T24,20-24,2,Kadın,3089999,
2015,Y25T29,25-29,1,Erkek,3178350,
2015,Y25T29,25-29,2,Kadın,3084899,
2015,Y30T34,30-34,1,Erkek,3252171,
2015,Y30T34,30-34,2,Kadın,3175979,
2015,Y35T39,35-39,1,Erkek,3134041,
2015,Y35T39,35-39,2,Kadın,3069282,
2015,Y40T44,40-44,1,Erkek,2788425,
2015,Y40T44,40-44,2,Kadın,2764155,
2015,Y45T49,45-49,1,Erkek,2337087,
2015,Y45T49,45-49,2,Kadın,2252992,
2015,Y50T54,50-54,1,Erkek,2317534,
2015,Y50T54,50-54,2,Kadın,2315375,
2015,Y55T59,55-59,1,Erkek,1843354,
2015,Y55T59,55-59,2,Kadın,1837816,
2015,Y60T64,60-64,1,Erkek,1515065,
2015,Y60T64,60-64,2,Kadın,1593402,
2015,Y65T69,65-69,1,Erkek,1100734,
2015,Y65T69,65-69,2,Kadın,1255651,
2015,Y70T74,70-74,1,Erkek,737892,
2015,Y70T74,70-74,2,Kadın,888292,
2015,Y75T79,75-79,1,Erkek,501411,
2015,Y75T79,75-79,2,Kadın,682335,
2015,Y80T84,80-84,1,Erkek,339904,
2015,Y80T84,80-84,2,Kadın,470584,
2015,Y85T89,85-89,1,Erkek,128879,
2015,Y85T89,85-89,2,Kadın,261571,
2015,Y_GE90,90+,1,Erkek,34622,
2015,Y_GE90,90+,2,Kadın,93364,
2016,Y0T4,0-4,1,Erkek,3314542,
2016,Y0T4,0-4,2,Kadın,3144753,
2016,Y5T9,5-9,1,Erkek,3253345,
2016,Y5T9,5-9,2,Kadın,3084099,
2016,Y10T14,10-14,1,Erkek,3147133,
2016,Y10T14,10-14,2,Kadın,2981910,
2016,Y15T19,15-19,1,Erkek,3400443,
2016,Y15T19,15-19,2,Kadın,3222876,
2016,Y20T24,20-24,1,Erkek,3247764,
2016,Y20T24,20-24,2,Kadın,3117959,
2016,Y25T29,25-29,1,Erkek,3169360,
2016,Y25T29,25-29,2,Kadın,3076681,
2016,Y30T34,30-34,1,Erkek,3196645,
2016,Y30T34,30-34,2,Kadın,3113766,
2016,Y35T39,35-39,1,Erkek,3275175,
2016,Y35T39,35-39,2,Kadın,3219158,
2016,Y40T44,40-44,1,Erkek,2833655,
2016,Y40T44,40-44,2,Kadın,2800662,
2016,Y45T49,45-49,1,Erkek,2412875,
2016,Y45T49,45-49,2,Kadın,2335639,
2016,Y50T54,50-54,1,Erkek,2381640,
2016,Y50T54,50-54,2,Kadın,2374604,
2016,Y55T59,55-59,1,Erkek,1855171,
2016,Y55T59,55-59,2,Kadın,1860565,
2016,Y60T64,60-64,1,Erkek,1636510,
2016,Y60T64,60-64,2,Kadın,1706438,
2016,Y65T69,65-69,1,Erkek,1132464,
2016,Y65T69,65-69,2,Kadın,1280073,
2016,Y70T74,70-74,1,Erkek,763121,
2016,Y70T74,70-74,2,Kadın,917371,
2016,Y75T79,75-79,1,Erkek,512607,
2016,Y75T79,75-79,2,Kadın,689443,
2016,Y80T84,80-84,1,Erkek,336206,
2016,Y80T84,80-84,2,Kadın,473119,
2016,Y85T89,85-89,1,Erkek,136238,
2016,Y85T89,85-89,2,Kadın,265520,
2016,Y_GE90,90+,1,Erkek,38756,
2016,Y_GE90,90+,2,Kadın,106585,
2017,Y0T4,0-4,1,Erkek,3326591,
2017,Y0T4,0-4,2,Kadın,3155258,
2017,Y5T9,5-9,1,Erkek,3254177,
2017,Y5T9,5-9,2,Kadın,3086592,
2017,Y10T14,10-14,1,Erkek,3188333,
2017,Y10T14,10-14,2,Kadın,3022537,
2017,Y15T19,15-19,1,Erkek,3351043,
2017,Y15T19,15-19,2,Kadın,3175544,
2017,Y20T24,20-24,1,Erkek,3294336,
2017,Y20T24,20-24,2,Kadın,3162174,
2017,Y25T29,25-29,1,Erkek,3163889,
2017,Y25T29,25-29,2,Kadın,3067653,
2017,Y30T34,30-34,1,Erkek,3189075,
2017,Y30T34,30-34,2,Kadın,3107849,
2017,Y35T39,35-39,1,Erkek,3308413,
2017,Y35T39,35-39,2,Kadın,3252283,
2017,Y40T44,40-44,1,Erkek,2891799,
2017,Y40T44,40-44,2,Kadın,2849020,
2017,Y45T49,45-49,1,Erkek,2556364,
2017,Y45T49,45-49,2,Kadın,2498790,
2017,Y50T54,50-54,1,Erkek,2349139,
2017,Y50T54,50-54,2,Kadın,2326316,
2017,Y55T59,55-59,1,Erkek,1977328,
2017,Y55T59,55-59,2,Kadın,1989399,
2017,Y60T64,60-64,1,Erkek,1651215,
2017,Y60T64,60-64,2,Kadın,1720023,
2017,Y65T69,65-69,1,Erkek,1188986,
2017,Y65T69,65-69,2,Kadın,1322918,
2017,Y70T74,70-74,1,Erkek,784614,
2017,Y70T74,70-74,2,Kadın,952653,
2017,Y75T79,75-79,1,Erkek,533757,
2017,Y75T79,75-79,2,Kadın,715428,
2017,Y80T84,80-84,1,Erkek,330240,
2017,Y80T84,80-84,2,Kadın,471436,
2017,Y85T89,85-89,1,Erkek,152317,
2017,Y85T89,85-89,2,Kadın,282516,
2017,Y_GE90,90+,1,Erkek,43519,
2017,Y_GE90,90+,2,Kadın,117001,
2018,Y0T4,0-4,1,Erkek,3327780,
2018,Y0T4,0-4,2,Kadın,3157206,
2018,Y5T9,5-9,1,Erkek,3264508,
2018,Y5T9,5-9,2,Kadın,3094412,
2018,Y10T14,10-14,1,Erkek,3254277,
2018,Y10T14,10-14,2,Kadın,3086146,
2018,Y15T19,15-19,1,Erkek,3299449,
2018,Y15T19,15-19,2,Kadın,3124818,
2018,Y20T24,20-24,1,Erkek,3347297,
2018,Y20T24,20-24,2,Kadın,3199832,
2018,Y25T29,25-29,1,Erkek,3190023,
2018,Y25T29,25-29,2,Kadın,3086446,
2018,Y30T34,30-34,1,Erkek,3205205,
2018,Y30T34,30-34,2,Kadın,3127948,
2018,Y35T39,35-39,1,Erkek,3316603,
2018,Y35T39,35-39,2,Kadın,3259469,
2018,Y40T44,40-44,1,Erkek,2953329,
2018,Y40T44,40-44,2,Kadın,2892697,
2018,Y45T49,45-49,1,Erkek,2670183,
2018,Y45T49,45-49,2,Kadın,2640524,
2018,Y50T54,50-54,1,Erkek,2372182,
2018,Y50T54,50-54,2,Kadın,2329142,
2018,Y55T59,55-59,1,Erkek,2076882,
2018,Y55T59,55-59,2,Kadın,2095459,
2018,Y60T64,60-64,1,Erkek,1692130,
2018,Y60T64,60-64,2,Kadın,1753731,
2018,Y65T69,65-69,1,Erkek,1245979,
2018,Y65T69,65-69,2,Kadın,1366228,
2018,Y70T74,70-74,1,Erkek,835353,
2018,Y70T74,70-74,2,Kadın,1021569,
2018,Y75T79,75-79,1,Erkek,539825,
2018,Y75T79,75-79,2,Kadın,722725,
2018,Y80T84,80-84,1,Erkek,318882,
2018,Y80T84,80-84,2,Kadın,474854,
2018,Y85T89,85-89,1,Erkek,182957,
2018,Y85T89,85-89,2,Kadın,302957,
2018,Y_GE90,90+,1,Erkek,47136,
2018,Y_GE90,90+,2,Kadın,127739,
2019,Y0T4,0-4,1,Erkek,3254719,
2019,Y0T4,0-4,2,Kadın,3090417,
2019,Y5T9,5-9,1,Erkek,3316621,
2019,Y5T9,5-9,2,Kadın,3144418,
2019,Y10T14,10-14,1,Erkek,3288207,
2019,Y10T14,10-14,2,Kadın,3117963,
2019,Y15T19,15-19,1,Erkek,3254891,
2019,Y15T19,15-19,2,Kadın,3076703,
2019,Y20T24,20-24,1,Erkek,3392374,
2019,Y20T24,20-24,2,Kadın,3231704,
2019,Y25T29,25-29,1,Erkek,3240657,
2019,Y25T29,25-29,2,Kadın,3126654,
2019,Y30T34,30-34,1,Erkek,3221381,
2019,Y30T34,30-34,2,Kadın,3141636,
2019,Y35T39,35-39,1,Erkek,3324759,
2019,Y35T39,35-39,2,Kadın,3260084,
2019,Y40T44,40-44,1,Erkek,3016898,
2019,Y40T44,40-44,2,Kadın,2950486,
2019,Y45T49,45-49,1,Erkek,2772838,
2019,Y45T49,45-49,2,Kadın,2760721,
2019,Y50T54,50-54,1,Erkek,2367577,
2019,Y50T54,50-54,2,Kadın,2307796,
2019,Y55T59,55-59,1,Erkek,2178454,
2019,Y55T59,55-59,2,Kadın,2211543,
2019,Y60T64,60-64,1,Erkek,1754500,
2019,Y60T64,60-64,2,Kadın,1800269,
2019,Y65T69,65-69,1,Erkek,1301371,
2019,Y65T69,65-69,2,Kadın,1421301,
2019,Y70T74,70-74,1,Erkek,907850,
2019,Y70T74,70-74,2,Kadın,1109063,
2019,Y75T79,75-79,1,Erkek,560695,
2019,Y75T79,75-79,2,Kadın,747604,
2019,Y80T84,80-84,1,Erkek,323732,
2019,Y80T84,80-84,2,Kadın,493998,
2019,Y85T89,85-89,1,Erkek,192938,
2019,Y85T89,85-89,2,Kadın,304472,
2019,Y_GE90,90+,1,Erkek,50674,
2019,Y_GE90,90+,2,Kadın,137029,
2020,Y0T4,0-4,1,Erkek,3140172,
2020,Y0T4,0-4,2,Kadın,2981535,
2020,Y5T9,5-9,1,Erkek,3349253,
2020,Y5T9,5-9,2,Kadın,3177340,
2020,Y10T14,10-14,1,Erkek,3294985,
2020,Y10T14,10-14,2,Kadın,3124952,
2020,Y15T19,15-19,1,Erkek,3201588,
2020,Y15T19,15-19,2,Kadın,3028526,
2020,Y20T24,20-24,1,Erkek,3408434,
2020,Y20T24,20-24,2,Kadın,3255202,
2020,Y25T29,25-29,1,Erkek,3240543,
2020,Y25T29,25-29,2,Kadın,3130411,
2020,Y30T34,30-34,1,Erkek,3199710,
2020,Y30T34,30-34,2,Kadın,3119184,
2020,Y35T39,35-39,1,Erkek,3270512,
2020,Y35T39,35-39,2,Kadın,3203071,
2020,Y40T44,40-44,1,Erkek,3145645,
2020,Y40T44,40-44,2,Kadın,3089465,
2020,Y45T49,45-49,1,Erkek,2788035,
2020,Y45T49,45-49,2,Kadın,2775631,
2020,Y50T54,50-54,1,Erkek,2325190,
2020,Y50T54,50-54,2,Kadın,2259442,
2020,Y55T59,55-59,1,Erkek,2273088,
2020,Y55T59,55-59,2,Kadın,2304499,
2020,Y60T64,60-64,1,Erkek,1764938,
2020,Y60T64,60-64,2,Kadın,1809456,
2020,Y65T69,65-69,1,Erkek,1399052,
2020,Y65T69,65-69,2,Kadın,1539663,
2020,Y70T74,70-74,1,Erkek,960742,
2020,Y70T74,70-74,2,Kadın,1170963,
2020,Y75T79,75-79,1,Erkek,583671,
2020,Y75T79,75-79,2,Kadın,771675,
2020,Y80T84,80-84,1,Erkek,339767,
2020,Y80T84,80-84,2,Kadın,521432,
2020,Y85T89,85-89,1,Erkek,177532,
2020,Y85T89,85-89,2,Kadın,289216,
2020,Y_GE90,90+,1,Erkek,53128,
2020,Y_GE90,90+,2,Kadın,146714,
2021,Y0T4,0-4,1,Erkek,3033029,
2021,Y0T4,0-4,2,Kadın,2880580,
2021,Y5T9,5-9,1,Erkek,3398812,
2021,Y5T9,5-9,2,Kadın,3225390,
2021,Y10T14,10-14,1,Erkek,3304851,
2021,Y10T14,10-14,2,Kadın,3133301,
2021,Y15T19,15-19,1,Erkek,3203519,
2021,Y15T19,15-19,2,Kadın,3026190,
2021,Y20T24,20-24,1,Erkek,3445410,
2021,Y20T24,20-24,2,Kadın,3296170,
2021,Y25T29,25-29,1,Erkek,3296919,
2021,Y25T29,25-29,2,Kadın,3179980,
2021,Y30T34,30-34,1,Erkek,3212668,
2021,Y30T34,30-34,2,Kadın,3129119,
2021,Y35T39,35-39,1,Erkek,3228063,
2021,Y35T39,35-39,2,Kadın,3158145,
2021,Y40T44,40-44,1,Erkek,3294071,
2021,Y40T44,40-44,2,Kadın,3253091,
2021,Y45T49,45-49,1,Erkek,2838766,
2021,Y45T49,45-49,2,Kadın,2823495,
2021,Y50T54,50-54,1,Erkek,2403726,
2021,Y50T54,50-54,2,Kadın,2350758,
2021,Y55T59,55-59,1,Erkek,2337304,
2021,Y55T59,55-59,2,Kadın,2369876,
2021,Y60T64,60-64,1,Erkek,1776254,
2021,Y60T64,60-64,2,Kadın,1835662,
2021,Y65T69,65-69,1,Erkek,1508990,
2021,Y65T69,65-69,2,Kadın,1647458,
2021,Y70T74,70-74,1,Erkek,982573,
2021,Y70T74,70-74,2,Kadın,1192451,
2021,Y75T79,75-79,1,Erkek,598307,
2021,Y75T79,75-79,2,Kadın,794411,
2021,Y80T84,80-84,1,Erkek,340568,
2021,Y80T84,80-84,2,Kadın,520841,
2021,Y85T89,85-89,1,Erkek,169807,
2021,Y85T89,85-89,2,Kadın,286741,
2021,Y_GE90,90+,1,Erkek,54464,
2021,Y_GE90,90+,2,Kadın,148513,
2022,Y0T4,0-4,1,Erkek,2904379,
2022,Y0T4,0-4,2,Kadın,2759241,
2022,Y5T9,5-9,1,Erkek,3404972,
2022,Y5T9,5-9,2,Kadın,3230105,
2022,Y10T14,10-14,1,Erkek,3303371,
2022,Y10T14,10-14,2,Kadın,3133043,
2022,Y15T19,15-19,1,Erkek,3244500,
2022,Y15T19,15-19,2,Kadın,3070609,
2022,Y20T24,20-24,1,Erkek,3388724,
2022,Y20T24,20-24,2,Kadın,3245984,
2022,Y25T29,25-29,1,Erkek,3334439,
2022,Y25T29,25-29,2,Kadın,3218730,
2022,Y30T34,30-34,1,Erkek,3199028,
2022,Y30T34,30-34,2,Kadın,3116019,
2022,Y35T39,35-39,1,Erkek,3215451,
2022,Y35T39,35-39,2,Kadın,3151290,
2022,Y40T44,40-44,1,Erkek,3321873,
2022,Y40T44,40-44,2,Kadın,3284156,
2022,Y45T49,45-49,1,Erkek,2893831,
2022,Y45T49,45-49,2,Kadın,2869703,
2022,Y50T54,50-54,1,Erkek,2543588,
2022,Y50T54,50-54,2,Kadın,2511036,
2022,Y55T59,55-59,1,Erkek,2305846,
2022,Y55T59,55-59,2,Kadın,2321295,
2022,Y60T64,60-64,1,Erkek,1893862,
2022,Y60T64,60-64,2,Kadın,1962809,
2022,Y65T69,65-69,1,Erkek,1523412,
2022,Y65T69,65-69,2,Kadın,1661877,
2022,Y70T74,70-74,1,Erkek,1031897,
2022,Y70T74,70-74,2,Kadın,1232222,
2022,Y75T79,75-79,1,Erkek,617021,
2022,Y75T79,75-79,2,Kadın,827777,
2022,Y80T84,80-84,1,Erkek,353290,
2022,Y80T84,80-84,2,Kadın,540167,
2022,Y85T89,85-89,1,Erkek,165676,
2022,Y85T89,85-89,2,Kadın,284407,
2022,Y_GE90,90+,1,Erkek,58952,
2022,Y_GE90,90+,2,Kadın,154971,
2023,Y0T4,0-4,1,Erkek,2741873,
2023,Y0T4,0-4,2,Kadın,2606181,
2023,Y5T9,5-9,1,Erkek,3368825,
2023,Y5T9,5-9,2,Kadın,3197661,
2023,Y10T14,10-14,1,Erkek,3283764,
2023,Y10T14,10-14,2,Kadın,3113329,
2023,Y15T19,15-19,1,Erkek,3283511,
2023,Y15T19,15-19,2,Kadın,3113008,
2023,Y20T24,20-24,1,Erkek,3317007,
2023,Y20T24,20-24,2,Kadın,3158513,
2023,Y25T29,25-29,1,Erkek,3330851,
2023,Y25T29,25-29,2,Kadın,3212210,
2023,Y30T34,30-34,1,Erkek,3172482,
2023,Y30T34,30-34,2,Kadın,3094683,
2023,Y35T39,35-39,1,Erkek,3190762,
2023,Y35T39,35-39,2,Kadın,3138484,
2023,Y40T44,40-44,1,Erkek,3298682,
2023,Y40T44,40-44,2,Kadın,3265956,
2023,Y45T49,45-49,1,Erkek,2932767,
2023,Y45T49,45-49,2,Kadın,2894024,
2023,Y50T54,50-54,1,Erkek,2637680,
2023,Y50T54,50-54,2,Kadın,2634986,
2023,Y55T59,55-59,1,Erkek,2315313,
2023,Y55T59,55-59,2,Kadın,2311209,
2023,Y60T64,60-64,1,Erkek,1980198,
2023,Y60T64,60-64,2,Kadın,2055612,
2023,Y65T69,65-69,1,Erkek,1554059,
2023,Y65T69,65-69,2,Kadın,1686354,
2023,Y70T74,70-74,1,Erkek,1077788,
2023,Y70T74,70-74,2,Kadın,1267553,
2023,Y75T79,75-79,1,Erkek,656329,
2023,Y75T79,75-79,2,Kadın,886599,
2023,Y80T84,80-84,1,Erkek,357820,
2023,Y80T84,80-84,2,Kadın,546603,
2023,Y85T89,85-89,1,Erkek,163397,
2023,Y85T89,85-89,2,Kadın,288413,
2023,Y_GE90,90+,1,Erkek,70963,
2023,Y_GE90,90+,2,Kadın,166928,
2024,Y0T4,0-4,1,Erkek,2606763,
2024,Y0T4,0-4,2,Kadın,2475623,
2024,Y5T9,5-9,1,Erkek,3274360,
2024,Y5T9,5-9,2,Kadın,3110725,
2024,Y10T14,10-14,1,Erkek,3314979,
2024,Y10T14,10-14,2,Kadın,3144115,
2024,Y15T19,15-19,1,Erkek,3298654,
2024,Y15T19,15-19,2,Kadın,3129876,
2024,Y20T24,20-24,1,Erkek,3235130,
2024,Y20T24,20-24,2,Kadın,3099499,
2024,Y25T29,25-29,1,Erkek,3336548,
2024,Y25T29,25-29,2,Kadın,3218069,
2024,Y30T34,30-34,1,Erkek,3182620,
2024,Y30T34,30-34,2,Kadın,3105980,
2024,Y35T39,35-39,1,Erkek,3174570,
2024,Y35T39,35-39,2,Kadın,3125998,
2024,Y40T44,40-44,1,Erkek,3282536,
2024,Y40T44,40-44,2,Kadın,3245656,
2024,Y45T49,45-49,1,Erkek,2979015,
2024,Y45T49,45-49,2,Kadın,2933900,
2024,Y50T54,50-54,1,Erkek,2726368,
2024,Y50T54,50-54,2,Kadın,2739014,
2024,Y55T59,55-59,1,Erkek,2301684,
2024,Y55T59,55-59,2,Kadın,2277880,
2024,Y60T64,60-64,1,Erkek,2072512,
2024,Y60T64,60-64,2,Kadın,2160572,
2024,Y65T69,65-69,1,Erkek,1608416,
2024,Y65T69,65-69,2,Kadın,1725547,
2024,Y70T74,70-74,1,Erkek,1124799,
2024,Y70T74,70-74,2,Kadın,1316670,
2024,Y75T79,75-79,1,Erkek,716554,
2024,Y75T79,75-79,2,Kadın,964063,
2024,Y80T84,80-84,1,Erkek,374066,
2024,Y80T84,80-84,2,Kadın,568407,
2024,Y85T89,85-89,1,Erkek,167988,
2024,Y85T89,85-89,2,Kadın,300951,
2024,Y_GE90,90+,1,Erkek,75548,
2024,Y_GE90,90+,2,Kadın,169289,
2025,Y0T4,0-4,1,Erkek,2491429,
2025,Y0T4,0-4,2,Kadın,2365131,
2025,Y5T9,5-9,1,Erkek,3156806,
2025,Y5T9,5-9,2,Kadın,2999106,
2025,Y10T14,10-14,1,Erkek,3344303,
2025,Y10T14,10-14,2,Kadın,3173948,
2025,Y15T19,15-19,1,Erkek,3303829,
2025,Y15T19,15-19,2,Kadın,3135824,
2025,Y20T24,20-24,1,Erkek,3206123,
2025,Y20T24,20-24,2,Kadın,3062572,
2025,Y25T29,25-29,1,Erkek,3372727,
2025,Y25T29,25-29,2,Kadın,3247662,
2025,Y30T34,30-34,1,Erkek,3197919,
2025,Y30T34,30-34,2,Kadın,3116930,
2025,Y35T39,35-39,1,Erkek,3163880,
2025,Y35T39,35-39,2,Kadın,3111320,
2025,Y40T44,40-44,1,Erkek,3235535,
2025,Y40T44,40-44,2,Kadın,3196649,
2025,Y45T49,45-49,1,Erkek,3116569,
2025,Y45T49,45-49,2,Kadın,3077564,
2025,Y50T54,50-54,1,Erkek,2747715,
2025,Y50T54,50-54,2,Kadın,2758433,
2025,Y55T59,55-59,1,Erkek,2265962,
2025,Y55T59,55-59,2,Kadın,2234278,
2025,Y60T64,60-64,1,Erkek,2171547,
2025,Y60T64,60-64,2,Kadın,2255348,
2025,Y65T69,65-69,1,Erkek,1629718,
2025,Y65T69,65-69,2,Kadın,1741051,
2025,Y70T74,70-74,1,Erkek,1224255,
2025,Y70T74,70-74,2,Kadın,1435020,
2025,Y75T79,75-79,1,Erkek,772763,
2025,Y75T79,75-79,2,Kadın,1028765,
2025,Y80T84,80-84,1,Erkek,402550,
2025,Y80T84,80-84,2,Kadın,599348,
2025,Y85T89,85-89,1,Erkek,182013,
2025,Y85T89,85-89,2,Kadın,323863,
2025,Y_GE90,90+,1,Erkek,73791,
2025,Y_GE90,90+,2,Kadın,169922,
