geo_code,geo_label,geo_role,year,size_code,size_label,indicator_code,indicator_label,nace_r2_code,nace_r2_label,unit_code,unit_label,value_percent,status,status_label
EU27_2020,European Union - 27 countries (from 2020),eu27_aggregate,2024,GE10,10 persons employed or more,E_AI_TTM,Enterprises using AI technologies performing analysis of written language (text mining),C10-S951_X_K,"All activities (except agriculture, forestry and fishing, and mining and quarrying), without financial sector",PC_ENT,Percentage of enterprises,6.88,,
EU27_2020,European Union - 27 countries (from 2020),eu27_aggregate,2025,GE10,10 persons employed or more,E_AI_TTM,Enterprises using AI technologies performing analysis of written language (text mining),C10-S951_X_K,"All activities (except agriculture, forestry and fishing, and mining and quarrying), without financial sector",PC_ENT,Percentage of enterprises,11.75,,
EU27_2020,European Union - 27 countries (from 2020),eu27_aggregate,2024,10-49,From 10 to 49 persons employed,E_AI_TTM,Enterprises using AI technologies performing analysis of written language (text mining),C10-S951_X_K,"All activities (except agriculture, forestry and fishing, and mining and quarrying), without financial sector",PC_ENT,Percentage of enterprises,5.76,,
EU27_2020,European Union - 27 countries (from 2020),eu27_aggregate,2025,10-49,From 10 to 49 persons employed,E_AI_TTM,Enterprises using AI technologies performing analysis of written language (text mining),C10-S951_X_K,"All activities (except agriculture, forestry and fishing, and mining and quarrying), without financial sector",PC_ENT,Percentage of enterprises,9.87,,
EU27_2020,European Union - 27 countries (from 2020),eu27_aggregate,2024,50-249,From 50 to 249 persons employed,E_AI_TTM,Enterprises using AI technologies performing analysis of written language (text mining),C10-S951_X_K,"All activities (except agriculture, forestry and fishing, and mining and quarrying), without financial sector",PC_ENT,Percentage of enterprises,10.38,,
EU27_2020,European Union - 27 countries (from 2020),eu27_aggregate,2025,50-249,From 50 to 249 persons employed,E_AI_TTM,Enterprises using AI technologies performing analysis of written language (text mining),C10-S951_X_K,"All activities (except agriculture, forestry and fishing, and mining and quarrying), without financial sector",PC_ENT,Percentage of enterprises,18.22,,
EU27_2020,European Union - 27 countries (from 2020),eu27_aggregate,2024,GE250,250 persons employed or more,E_AI_TTM,Enterprises using AI technologies performing analysis of written language (text mining),C10-S951_X_K,"All activities (except agriculture, forestry and fishing, and mining and quarrying), without financial sector",PC_ENT,Percentage of enterprises,21.44,,
EU27_2020,European Union - 27 countries (from 2020),eu27_aggregate,2025,GE250,250 persons employed or more,E_AI_TTM,Enterprises using AI technologies performing analysis of written language (text mining),C10-S951_X_K,"All activities (except agriculture, forestry and fishing, and mining and quarrying), without financial sector",PC_ENT,Percentage of enterprises,35.04,,
BE,Belgium,eu27_member,2024,GE10,10 persons employed or more,E_AI_TTM,Enterprises using AI technologies performing analysis of written language (text mining),C10-S951_X_K,"All activities (except agriculture, forestry and fishing, and mining and quarrying), without financial sector",PC_ENT,Percentage of enterprises,15.14,,
BE,Belgium,eu27_member,2025,GE10,10 persons employed or more,E_AI_TTM,Enterprises using AI technologies performing analysis of written language (text mining),C10-S951_X_K,"All activities (except agriculture, forestry and fishing, and mining and quarrying), without financial sector",PC_ENT,Percentage of enterprises,23.01,,
BE,Belgium,eu27_member,2024,10-49,From 10 to 49 persons employed,E_AI_TTM,Enterprises using AI technologies performing analysis of written language (text mining),C10-S951_X_K,"All activities (except agriculture, forestry and fishing, and mining and quarrying), without financial sector",PC_ENT,Percentage of enterprises,12.79,,
BE,Belgium,eu27_member,2025,10-49,From 10 to 49 persons employed,E_AI_TTM,Enterprises using AI technologies performing analysis of written language (text mining),C10-S951_X_K,"All activities (except agriculture, forestry and fishing, and mining and quarrying), without financial sector",PC_ENT,Percentage of enterprises,18.46,,
BE,Belgium,eu27_member,2024,50-249,From 50 to 249 persons employed,E_AI_TTM,Enterprises using AI technologies performing analysis of written language (text mining),C10-S951_X_K,"All activities (except agriculture, forestry and fishing, and mining and quarrying), without financial sector",PC_ENT,Percentage of enterprises,20.54,,
BE,Belgium,eu27_member,2025,50-249,From 50 to 249 persons employed,E_AI_TTM,Enterprises using AI technologies performing analysis of written language (text mining),C10-S951_X_K,"All activities (except agriculture, forestry and fishing, and mining and quarrying), without financial sector",PC_ENT,Percentage of enterprises,38.26,,
BE,Belgium,eu27_member,2024,GE250,250 persons employed or more,E_AI_TTM,Enterprises using AI technologies performing analysis of written language (text mining),C10-S951_X_K,"All activities (except agriculture, forestry and fishing, and mining and quarrying), without financial sector",PC_ENT,Percentage of enterprises,43.84,,
BE,Belgium,eu27_member,2025,GE250,250 persons employed or more,E_AI_TTM,Enterprises using AI technologies performing analysis of written language (text mining),C10-S951_X_K,"All activities (except agriculture, forestry and fishing, and mining and quarrying), without financial sector",PC_ENT,Percentage of enterprises,59.01,,
BG,Bulgaria,eu27_member,2024,GE10,10 persons employed or more,E_AI_TTM,Enterprises using AI technologies performing analysis of written language (text mining),C10-S951_X_K,"All activities (except agriculture, forestry and fishing, and mining and quarrying), without financial sector",PC_ENT,Percentage of enterprises,3.93,,
BG,Bulgaria,eu27_member,2025,GE10,10 persons employed or more,E_AI_TTM,Enterprises using AI technologies performing analysis of written language (text mining),C10-S951_X_K,"All activities (except agriculture, forestry and fishing, and mining and quarrying), without financial sector",PC_ENT,Percentage of enterprises,4.97,,
BG,Bulgaria,eu27_member,2024,10-49,From 10 to 49 persons employed,E_AI_TTM,Enterprises using AI technologies performing analysis of written language (text mining),C10-S951_X_K,"All activities (except agriculture, forestry and fishing, and mining and quarrying), without financial sector",PC_ENT,Percentage of enterprises,3.35,,
BG,Bulgaria,eu27_member,2025,10-49,From 10 to 49 persons employed,E_AI_TTM,Enterprises using AI technologies performing analysis of written language (text mining),C10-S951_X_K,"All activities (except agriculture, forestry and fishing, and mining and quarrying), without financial sector",PC_ENT,Percentage of enterprises,4.24,,
BG,Bulgaria,eu27_member,2024,50-249,From 50 to 249 persons employed,E_AI_TTM,Enterprises using AI technologies performing analysis of written language (text mining),C10-S951_X_K,"All activities (except agriculture, forestry and fishing, and mining and quarrying), without financial sector",PC_ENT,Percentage of enterprises,5.98,,
BG,Bulgaria,eu27_member,2025,50-249,From 50 to 249 persons employed,E_AI_TTM,Enterprises using AI technologies performing analysis of written language (text mining),C10-S951_X_K,"All activities (except agriculture, forestry and fishing, and mining and quarrying), without financial sector",PC_ENT,Percentage of enterprises,7.42,,
BG,Bulgaria,eu27_member,2024,GE250,250 persons employed or more,E_AI_TTM,Enterprises using AI technologies performing analysis of written language (text mining),C10-S951_X_K,"All activities (except agriculture, forestry and fishing, and mining and quarrying), without financial sector",PC_ENT,Percentage of enterprises,11.13,,
BG,Bulgaria,eu27_member,2025,GE250,250 persons employed or more,E_AI_TTM,Enterprises using AI technologies performing analysis of written language (text mining),C10-S951_X_K,"All activities (except agriculture, forestry and fishing, and mining and quarrying), without financial sector",PC_ENT,Percentage of enterprises,14.66,,
CZ,Czechia,eu27_member,2024,GE10,10 persons employed or more,E_AI_TTM,Enterprises using AI technologies performing analysis of written language (text mining),C10-S951_X_K,"All activities (except agriculture, forestry and fishing, and mining and quarrying), without financial sector",PC_ENT,Percentage of enterprises,6.36,,
CZ,Czechia,eu27_member,2025,GE10,10 persons employed or more,E_AI_TTM,Enterprises using AI technologies performing analysis of written language (text mining),C10-S951_X_K,"All activities (except agriculture, forestry and fishing, and mining and quarrying), without financial sector",PC_ENT,Percentage of enterprises,7.15,,
CZ,Czechia,eu27_member,2024,10-49,From 10 to 49 persons employed,E_AI_TTM,Enterprises using AI technologies performing analysis of written language (text mining),C10-S951_X_K,"All activities (except agriculture, forestry and fishing, and mining and quarrying), without financial sector",PC_ENT,Percentage of enterprises,4.72,,
CZ,Czechia,eu27_member,2025,10-49,From 10 to 49 persons employed,E_AI_TTM,Enterprises using AI technologies performing analysis of written language (text mining),C10-S951_X_K,"All activities (except agriculture, forestry and fishing, and mining and quarrying), without financial sector",PC_ENT,Percentage of enterprises,4.67,,
CZ,Czechia,eu27_member,2024,50-249,From 50 to 249 persons employed,E_AI_TTM,Enterprises using AI technologies performing analysis of written language (text mining),C10-S951_X_K,"All activities (except agriculture, forestry and fishing, and mining and quarrying), without financial sector",PC_ENT,Percentage of enterprises,10.00,,
CZ,Czechia,eu27_member,2025,50-249,From 50 to 249 persons employed,E_AI_TTM,Enterprises using AI technologies performing analysis of written language (text mining),C10-S951_X_K,"All activities (except agriculture, forestry and fishing, and mining and quarrying), without financial sector",PC_ENT,Percentage of enterprises,13.02,,
CZ,Czechia,eu27_member,2024,GE250,250 persons employed or more,E_AI_TTM,Enterprises using AI technologies performing analysis of written language (text mining),C10-S951_X_K,"All activities (except agriculture, forestry and fishing, and mining and quarrying), without financial sector",PC_ENT,Percentage of enterprises,25.22,,
CZ,Czechia,eu27_member,2025,GE250,250 persons employed or more,E_AI_TTM,Enterprises using AI technologies performing analysis of written language (text mining),C10-S951_X_K,"All activities (except agriculture, forestry and fishing, and mining and quarrying), without financial sector",PC_ENT,Percentage of enterprises,31.62,,
DK,Denmark,eu27_member,2024,GE10,10 persons employed or more,E_AI_TTM,Enterprises using AI technologies performing analysis of written language (text mining),C10-S951_X_K,"All activities (except agriculture, forestry and fishing, and mining and quarrying), without financial sector",PC_ENT,Percentage of enterprises,16.69,,
DK,Denmark,eu27_member,2025,GE10,10 persons employed or more,E_AI_TTM,Enterprises using AI technologies performing analysis of written language (text mining),C10-S951_X_K,"All activities (except agriculture, forestry and fishing, and mining and quarrying), without financial sector",PC_ENT,Percentage of enterprises,29.10,,
DK,Denmark,eu27_member,2024,10-49,From 10 to 49 persons employed,E_AI_TTM,Enterprises using AI technologies performing analysis of written language (text mining),C10-S951_X_K,"All activities (except agriculture, forestry and fishing, and mining and quarrying), without financial sector",PC_ENT,Percentage of enterprises,13.90,,
DK,Denmark,eu27_member,2025,10-49,From 10 to 49 persons employed,E_AI_TTM,Enterprises using AI technologies performing analysis of written language (text mining),C10-S951_X_K,"All activities (except agriculture, forestry and fishing, and mining and quarrying), without financial sector",PC_ENT,Percentage of enterprises,25.92,,
DK,Denmark,eu27_member,2024,50-249,From 50 to 249 persons employed,E_AI_TTM,Enterprises using AI technologies performing analysis of written language (text mining),C10-S951_X_K,"All activities (except agriculture, forestry and fishing, and mining and quarrying), without financial sector",PC_ENT,Percentage of enterprises,26.22,,
DK,Denmark,eu27_member,2025,50-249,From 50 to 249 persons employed,E_AI_TTM,Enterprises using AI technologies performing analysis of written language (text mining),C10-S951_X_K,"All activities (except agriculture, forestry and fishing, and mining and quarrying), without financial sector",PC_ENT,Percentage of enterprises,39.28,,
DK,Denmark,eu27_member,2024,GE250,250 persons employed or more,E_AI_TTM,Enterprises using AI technologies performing analysis of written language (text mining),C10-S951_X_K,"All activities (except agriculture, forestry and fishing, and mining and quarrying), without financial sector",PC_ENT,Percentage of enterprises,39.31,,
DK,Denmark,eu27_member,2025,GE250,250 persons employed or more,E_AI_TTM,Enterprises using AI technologies performing analysis of written language (text mining),C10-S951_X_K,"All activities (except agriculture, forestry and fishing, and mining and quarrying), without financial sector",PC_ENT,Percentage of enterprises,57.35,,
DE,Germany,eu27_member,2024,GE10,10 persons employed or more,E_AI_TTM,Enterprises using AI technologies performing analysis of written language (text mining),C10-S951_X_K,"All activities (except agriculture, forestry and fishing, and mining and quarrying), without financial sector",PC_ENT,Percentage of enterprises,9.57,,
DE,Germany,eu27_member,2025,GE10,10 persons employed or more,E_AI_TTM,Enterprises using AI technologies performing analysis of written language (text mining),C10-S951_X_K,"All activities (except agriculture, forestry and fishing, and mining and quarrying), without financial sector",PC_ENT,Percentage of enterprises,13.50,,
DE,Germany,eu27_member,2024,10-49,From 10 to 49 persons employed,E_AI_TTM,Enterprises using AI technologies performing analysis of written language (text mining),C10-S951_X_K,"All activities (except agriculture, forestry and fishing, and mining and quarrying), without financial sector",PC_ENT,Percentage of enterprises,8.16,,
DE,Germany,eu27_member,2025,10-49,From 10 to 49 persons employed,E_AI_TTM,Enterprises using AI technologies performing analysis of written language (text mining),C10-S951_X_K,"All activities (except agriculture, forestry and fishing, and mining and quarrying), without financial sector",PC_ENT,Percentage of enterprises,11.84,,
DE,Germany,eu27_member,2024,50-249,From 50 to 249 persons employed,E_AI_TTM,Enterprises using AI technologies performing analysis of written language (text mining),C10-S951_X_K,"All activities (except agriculture, forestry and fishing, and mining and quarrying), without financial sector",PC_ENT,Percentage of enterprises,13.64,,
DE,Germany,eu27_member,2025,50-249,From 50 to 249 persons employed,E_AI_TTM,Enterprises using AI technologies performing analysis of written language (text mining),C10-S951_X_K,"All activities (except agriculture, forestry and fishing, and mining and quarrying), without financial sector",PC_ENT,Percentage of enterprises,18.72,,
DE,Germany,eu27_member,2024,GE250,250 persons employed or more,E_AI_TTM,Enterprises using AI technologies performing analysis of written language (text mining),C10-S951_X_K,"All activities (except agriculture, forestry and fishing, and mining and quarrying), without financial sector",PC_ENT,Percentage of enterprises,24.31,,
DE,Germany,eu27_member,2025,GE250,250 persons employed or more,E_AI_TTM,Enterprises using AI technologies performing analysis of written language (text mining),C10-S951_X_K,"All activities (except agriculture, forestry and fishing, and mining and quarrying), without financial sector",PC_ENT,Percentage of enterprises,32.28,,
EE,Estonia,eu27_member,2024,GE10,10 persons employed or more,E_AI_TTM,Enterprises using AI technologies performing analysis of written language (text mining),C10-S951_X_K,"All activities (except agriculture, forestry and fishing, and mining and quarrying), without financial sector",PC_ENT,Percentage of enterprises,7.82,,
EE,Estonia,eu27_member,2025,GE10,10 persons employed or more,E_AI_TTM,Enterprises using AI technologies performing analysis of written language (text mining),C10-S951_X_K,"All activities (except agriculture, forestry and fishing, and mining and quarrying), without financial sector",PC_ENT,Percentage of enterprises,12.02,,
EE,Estonia,eu27_member,2024,10-49,From 10 to 49 persons employed,E_AI_TTM,Enterprises using AI technologies performing analysis of written language (text mining),C10-S951_X_K,"All activities (except agriculture, forestry and fishing, and mining and quarrying), without financial sector",PC_ENT,Percentage of enterprises,7.47,,
EE,Estonia,eu27_member,2025,10-49,From 10 to 49 persons employed,E_AI_TTM,Enterprises using AI technologies performing analysis of written language (text mining),C10-S951_X_K,"All activities (except agriculture, forestry and fishing, and mining and quarrying), without financial sector",PC_ENT,Percentage of enterprises,11.04,,
EE,Estonia,eu27_member,2024,50-249,From 50 to 249 persons employed,E_AI_TTM,Enterprises using AI technologies performing analysis of written language (text mining),C10-S951_X_K,"All activities (except agriculture, forestry and fishing, and mining and quarrying), without financial sector",PC_ENT,Percentage of enterprises,7.69,,
EE,Estonia,eu27_member,2025,50-249,From 50 to 249 persons employed,E_AI_TTM,Enterprises using AI technologies performing analysis of written language (text mining),C10-S951_X_K,"All activities (except agriculture, forestry and fishing, and mining and quarrying), without financial sector",PC_ENT,Percentage of enterprises,15.14,,
EE,Estonia,eu27_member,2024,GE250,250 persons employed or more,E_AI_TTM,Enterprises using AI technologies performing analysis of written language (text mining),C10-S951_X_K,"All activities (except agriculture, forestry and fishing, and mining and quarrying), without financial sector",PC_ENT,Percentage of enterprises,20.75,,
EE,Estonia,eu27_member,2025,GE250,250 persons employed or more,E_AI_TTM,Enterprises using AI technologies performing analysis of written language (text mining),C10-S951_X_K,"All activities (except agriculture, forestry and fishing, and mining and quarrying), without financial sector",PC_ENT,Percentage of enterprises,25.81,,
IE,Ireland,eu27_member,2024,GE10,10 persons employed or more,E_AI_TTM,Enterprises using AI technologies performing analysis of written language (text mining),C10-S951_X_K,"All activities (except agriculture, forestry and fishing, and mining and quarrying), without financial sector",PC_ENT,Percentage of enterprises,6.38,,
IE,Ireland,eu27_member,2025,GE10,10 persons employed or more,E_AI_TTM,Enterprises using AI technologies performing analysis of written language (text mining),C10-S951_X_K,"All activities (except agriculture, forestry and fishing, and mining and quarrying), without financial sector",PC_ENT,Percentage of enterprises,10.52,,
IE,Ireland,eu27_member,2024,10-49,From 10 to 49 persons employed,E_AI_TTM,Enterprises using AI technologies performing analysis of written language (text mining),C10-S951_X_K,"All activities (except agriculture, forestry and fishing, and mining and quarrying), without financial sector",PC_ENT,Percentage of enterprises,4.99,,
IE,Ireland,eu27_member,2025,10-49,From 10 to 49 persons employed,E_AI_TTM,Enterprises using AI technologies performing analysis of written language (text mining),C10-S951_X_K,"All activities (except agriculture, forestry and fishing, and mining and quarrying), without financial sector",PC_ENT,Percentage of enterprises,8.75,,
IE,Ireland,eu27_member,2024,50-249,From 50 to 249 persons employed,E_AI_TTM,Enterprises using AI technologies performing analysis of written language (text mining),C10-S951_X_K,"All activities (except agriculture, forestry and fishing, and mining and quarrying), without financial sector",PC_ENT,Percentage of enterprises,9.67,,
IE,Ireland,eu27_member,2025,50-249,From 50 to 249 persons employed,E_AI_TTM,Enterprises using AI technologies performing analysis of written language (text mining),C10-S951_X_K,"All activities (except agriculture, forestry and fishing, and mining and quarrying), without financial sector",PC_ENT,Percentage of enterprises,15.49,,
IE,Ireland,eu27_member,2024,GE250,250 persons employed or more,E_AI_TTM,Enterprises using AI technologies performing analysis of written language (text mining),C10-S951_X_K,"All activities (except agriculture, forestry and fishing, and mining and quarrying), without financial sector",PC_ENT,Percentage of enterprises,27.88,,
IE,Ireland,eu27_member,2025,GE250,250 persons employed or more,E_AI_TTM,Enterprises using AI technologies performing analysis of written language (text mining),C10-S951_X_K,"All activities (except agriculture, forestry and fishing, and mining and quarrying), without financial sector",PC_ENT,Percentage of enterprises,34.29,,
EL,Greece,eu27_member,2024,GE10,10 persons employed or more,E_AI_TTM,Enterprises using AI technologies performing analysis of written language (text mining),C10-S951_X_K,"All activities (except agriculture, forestry and fishing, and mining and quarrying), without financial sector",PC_ENT,Percentage of enterprises,3.66,,
EL,Greece,eu27_member,2025,GE10,10 persons employed or more,E_AI_TTM,Enterprises using AI technologies performing analysis of written language (text mining),C10-S951_X_K,"All activities (except agriculture, forestry and fishing, and mining and quarrying), without financial sector",PC_ENT,Percentage of enterprises,6.09,,
EL,Greece,eu27_member,2024,10-49,From 10 to 49 persons employed,E_AI_TTM,Enterprises using AI technologies performing analysis of written language (text mining),C10-S951_X_K,"All activities (except agriculture, forestry and fishing, and mining and quarrying), without financial sector",PC_ENT,Percentage of enterprises,3.54,,
EL,Greece,eu27_member,2025,10-49,From 10 to 49 persons employed,E_AI_TTM,Enterprises using AI technologies performing analysis of written language (text mining),C10-S951_X_K,"All activities (except agriculture, forestry and fishing, and mining and quarrying), without financial sector",PC_ENT,Percentage of enterprises,5.12,,
EL,Greece,eu27_member,2024,50-249,From 50 to 249 persons employed,E_AI_TTM,Enterprises using AI technologies performing analysis of written language (text mining),C10-S951_X_K,"All activities (except agriculture, forestry and fishing, and mining and quarrying), without financial sector",PC_ENT,Percentage of enterprises,3.83,,
EL,Greece,eu27_member,2025,50-249,From 50 to 249 persons employed,E_AI_TTM,Enterprises using AI technologies performing analysis of written language (text mining),C10-S951_X_K,"All activities (except agriculture, forestry and fishing, and mining and quarrying), without financial sector",PC_ENT,Percentage of enterprises,9.97,,
EL,Greece,eu27_member,2024,GE250,250 persons employed or more,E_AI_TTM,Enterprises using AI technologies performing analysis of written language (text mining),C10-S951_X_K,"All activities (except agriculture, forestry and fishing, and mining and quarrying), without financial sector",PC_ENT,Percentage of enterprises,7.27,,
EL,Greece,eu27_member,2025,GE250,250 persons employed or more,E_AI_TTM,Enterprises using AI technologies performing analysis of written language (text mining),C10-S951_X_K,"All activities (except agriculture, forestry and fishing, and mining and quarrying), without financial sector",PC_ENT,Percentage of enterprises,22.45,,
ES,Spain,eu27_member,2024,GE10,10 persons employed or more,E_AI_TTM,Enterprises using AI technologies performing analysis of written language (text mining),C10-S951_X_K,"All activities (except agriculture, forestry and fishing, and mining and quarrying), without financial sector",PC_ENT,Percentage of enterprises,5.05,,
ES,Spain,eu27_member,2025,GE10,10 persons employed or more,E_AI_TTM,Enterprises using AI technologies performing analysis of written language (text mining),C10-S951_X_K,"All activities (except agriculture, forestry and fishing, and mining and quarrying), without financial sector",PC_ENT,Percentage of enterprises,10.05,,
ES,Spain,eu27_member,2024,10-49,From 10 to 49 persons employed,E_AI_TTM,Enterprises using AI technologies performing analysis of written language (text mining),C10-S951_X_K,"All activities (except agriculture, forestry and fishing, and mining and quarrying), without financial sector",PC_ENT,Percentage of enterprises,3.80,,
ES,Spain,eu27_member,2025,10-49,From 10 to 49 persons employed,E_AI_TTM,Enterprises using AI technologies performing analysis of written language (text mining),C10-S951_X_K,"All activities (except agriculture, forestry and fishing, and mining and quarrying), without financial sector",PC_ENT,Percentage of enterprises,8.11,,
ES,Spain,eu27_member,2024,50-249,From 50 to 249 persons employed,E_AI_TTM,Enterprises using AI technologies performing analysis of written language (text mining),C10-S951_X_K,"All activities (except agriculture, forestry and fishing, and mining and quarrying), without financial sector",PC_ENT,Percentage of enterprises,8.87,,
ES,Spain,eu27_member,2025,50-249,From 50 to 249 persons employed,E_AI_TTM,Enterprises using AI technologies performing analysis of written language (text mining),C10-S951_X_K,"All activities (except agriculture, forestry and fishing, and mining and quarrying), without financial sector",PC_ENT,Percentage of enterprises,16.00,,
ES,Spain,eu27_member,2024,GE250,250 persons employed or more,E_AI_TTM,Enterprises using AI technologies performing analysis of written language (text mining),C10-S951_X_K,"All activities (except agriculture, forestry and fishing, and mining and quarrying), without financial sector",PC_ENT,Percentage of enterprises,21.59,,
ES,Spain,eu27_member,2025,GE250,250 persons employed or more,E_AI_TTM,Enterprises using AI technologies performing analysis of written language (text mining),C10-S951_X_K,"All activities (except agriculture, forestry and fishing, and mining and quarrying), without financial sector",PC_ENT,Percentage of enterprises,34.26,,
FR,France,eu27_member,2024,GE10,10 persons employed or more,E_AI_TTM,Enterprises using AI technologies performing analysis of written language (text mining),C10-S951_X_K,"All activities (except agriculture, forestry and fishing, and mining and quarrying), without financial sector",PC_ENT,Percentage of enterprises,4.40,,
FR,France,eu27_member,2025,GE10,10 persons employed or more,E_AI_TTM,Enterprises using AI technologies performing analysis of written language (text mining),C10-S951_X_K,"All activities (except agriculture, forestry and fishing, and mining and quarrying), without financial sector",PC_ENT,Percentage of enterprises,10.23,,
FR,France,eu27_member,2024,10-49,From 10 to 49 persons employed,E_AI_TTM,Enterprises using AI technologies performing analysis of written language (text mining),C10-S951_X_K,"All activities (except agriculture, forestry and fishing, and mining and quarrying), without financial sector",PC_ENT,Percentage of enterprises,3.79,,
FR,France,eu27_member,2025,10-49,From 10 to 49 persons employed,E_AI_TTM,Enterprises using AI technologies performing analysis of written language (text mining),C10-S951_X_K,"All activities (except agriculture, forestry and fishing, and mining and quarrying), without financial sector",PC_ENT,Percentage of enterprises,7.91,,
FR,France,eu27_member,2024,50-249,From 50 to 249 persons employed,E_AI_TTM,Enterprises using AI technologies performing analysis of written language (text mining),C10-S951_X_K,"All activities (except agriculture, forestry and fishing, and mining and quarrying), without financial sector",PC_ENT,Percentage of enterprises,5.74,,
FR,France,eu27_member,2025,50-249,From 50 to 249 persons employed,E_AI_TTM,Enterprises using AI technologies performing analysis of written language (text mining),C10-S951_X_K,"All activities (except agriculture, forestry and fishing, and mining and quarrying), without financial sector",PC_ENT,Percentage of enterprises,18.94,,
FR,France,eu27_member,2024,GE250,250 persons employed or more,E_AI_TTM,Enterprises using AI technologies performing analysis of written language (text mining),C10-S951_X_K,"All activities (except agriculture, forestry and fishing, and mining and quarrying), without financial sector",PC_ENT,Percentage of enterprises,17.21,,
FR,France,eu27_member,2025,GE250,250 persons employed or more,E_AI_TTM,Enterprises using AI technologies performing analysis of written language (text mining),C10-S951_X_K,"All activities (except agriculture, forestry and fishing, and mining and quarrying), without financial sector",PC_ENT,Percentage of enterprises,42.72,,
HR,Croatia,eu27_member,2024,GE10,10 persons employed or more,E_AI_TTM,Enterprises using AI technologies performing analysis of written language (text mining),C10-S951_X_K,"All activities (except agriculture, forestry and fishing, and mining and quarrying), without financial sector",PC_ENT,Percentage of enterprises,7.73,,
HR,Croatia,eu27_member,2025,GE10,10 persons employed or more,E_AI_TTM,Enterprises using AI technologies performing analysis of written language (text mining),C10-S951_X_K,"All activities (except agriculture, forestry and fishing, and mining and quarrying), without financial sector",PC_ENT,Percentage of enterprises,9.76,,
HR,Croatia,eu27_member,2024,10-49,From 10 to 49 persons employed,E_AI_TTM,Enterprises using AI technologies performing analysis of written language (text mining),C10-S951_X_K,"All activities (except agriculture, forestry and fishing, and mining and quarrying), without financial sector",PC_ENT,Percentage of enterprises,7.40,,
HR,Croatia,eu27_member,2025,10-49,From 10 to 49 persons employed,E_AI_TTM,Enterprises using AI technologies performing analysis of written language (text mining),C10-S951_X_K,"All activities (except agriculture, forestry and fishing, and mining and quarrying), without financial sector",PC_ENT,Percentage of enterprises,8.45,,
HR,Croatia,eu27_member,2024,50-249,From 50 to 249 persons employed,E_AI_TTM,Enterprises using AI technologies performing analysis of written language (text mining),C10-S951_X_K,"All activities (except agriculture, forestry and fishing, and mining and quarrying), without financial sector",PC_ENT,Percentage of enterprises,9.18,,
HR,Croatia,eu27_member,2025,50-249,From 50 to 249 persons employed,E_AI_TTM,Enterprises using AI technologies performing analysis of written language (text mining),C10-S951_X_K,"All activities (except agriculture, forestry and fishing, and mining and quarrying), without financial sector",PC_ENT,Percentage of enterprises,15.65,,
HR,Croatia,eu27_member,2024,GE250,250 persons employed or more,E_AI_TTM,Enterprises using AI technologies performing analysis of written language (text mining),C10-S951_X_K,"All activities (except agriculture, forestry and fishing, and mining and quarrying), without financial sector",PC_ENT,Percentage of enterprises,10.95,,
HR,Croatia,eu27_member,2025,GE250,250 persons employed or more,E_AI_TTM,Enterprises using AI technologies performing analysis of written language (text mining),C10-S951_X_K,"All activities (except agriculture, forestry and fishing, and mining and quarrying), without financial sector",PC_ENT,Percentage of enterprises,21.52,,
IT,Italy,eu27_member,2024,GE10,10 persons employed or more,E_AI_TTM,Enterprises using AI technologies performing analysis of written language (text mining),C10-S951_X_K,"All activities (except agriculture, forestry and fishing, and mining and quarrying), without financial sector",PC_ENT,Percentage of enterprises,4.47,,
IT,Italy,eu27_member,2025,GE10,10 persons employed or more,E_AI_TTM,Enterprises using AI technologies performing analysis of written language (text mining),C10-S951_X_K,"All activities (except agriculture, forestry and fishing, and mining and quarrying), without financial sector",PC_ENT,Percentage of enterprises,11.61,,
IT,Italy,eu27_member,2024,10-49,From 10 to 49 persons employed,E_AI_TTM,Enterprises using AI technologies performing analysis of written language (text mining),C10-S951_X_K,"All activities (except agriculture, forestry and fishing, and mining and quarrying), without financial sector",PC_ENT,Percentage of enterprises,3.70,,
IT,Italy,eu27_member,2025,10-49,From 10 to 49 persons employed,E_AI_TTM,Enterprises using AI technologies performing analysis of written language (text mining),C10-S951_X_K,"All activities (except agriculture, forestry and fishing, and mining and quarrying), without financial sector",PC_ENT,Percentage of enterprises,9.88,,
IT,Italy,eu27_member,2024,50-249,From 50 to 249 persons employed,E_AI_TTM,Enterprises using AI technologies performing analysis of written language (text mining),C10-S951_X_K,"All activities (except agriculture, forestry and fishing, and mining and quarrying), without financial sector",PC_ENT,Percentage of enterprises,8.18,,
IT,Italy,eu27_member,2025,50-249,From 50 to 249 persons employed,E_AI_TTM,Enterprises using AI technologies performing analysis of written language (text mining),C10-S951_X_K,"All activities (except agriculture, forestry and fishing, and mining and quarrying), without financial sector",PC_ENT,Percentage of enterprises,20.27,,
IT,Italy,eu27_member,2024,GE250,250 persons employed or more,E_AI_TTM,Enterprises using AI technologies performing analysis of written language (text mining),C10-S951_X_K,"All activities (except agriculture, forestry and fishing, and mining and quarrying), without financial sector",PC_ENT,Percentage of enterprises,19.76,,
IT,Italy,eu27_member,2025,GE250,250 persons employed or more,E_AI_TTM,Enterprises using AI technologies performing analysis of written language (text mining),C10-S951_X_K,"All activities (except agriculture, forestry and fishing, and mining and quarrying), without financial sector",PC_ENT,Percentage of enterprises,42.30,,
CY,Cyprus,eu27_member,2024,GE10,10 persons employed or more,E_AI_TTM,Enterprises using AI technologies performing analysis of written language (text mining),C10-S951_X_K,"All activities (except agriculture, forestry and fishing, and mining and quarrying), without financial sector",PC_ENT,Percentage of enterprises,3.22,,
CY,Cyprus,eu27_member,2025,GE10,10 persons employed or more,E_AI_TTM,Enterprises using AI technologies performing analysis of written language (text mining),C10-S951_X_K,"All activities (except agriculture, forestry and fishing, and mining and quarrying), without financial sector",PC_ENT,Percentage of enterprises,5.95,,
CY,Cyprus,eu27_member,2024,10-49,From 10 to 49 persons employed,E_AI_TTM,Enterprises using AI technologies performing analysis of written language (text mining),C10-S951_X_K,"All activities (except agriculture, forestry and fishing, and mining and quarrying), without financial sector",PC_ENT,Percentage of enterprises,2.51,,
CY,Cyprus,eu27_member,2025,10-49,From 10 to 49 persons employed,E_AI_TTM,Enterprises using AI technologies performing analysis of written language (text mining),C10-S951_X_K,"All activities (except agriculture, forestry and fishing, and mining and quarrying), without financial sector",PC_ENT,Percentage of enterprises,4.96,,
CY,Cyprus,eu27_member,2024,50-249,From 50 to 249 persons employed,E_AI_TTM,Enterprises using AI technologies performing analysis of written language (text mining),C10-S951_X_K,"All activities (except agriculture, forestry and fishing, and mining and quarrying), without financial sector",PC_ENT,Percentage of enterprises,6.06,,
CY,Cyprus,eu27_member,2025,50-249,From 50 to 249 persons employed,E_AI_TTM,Enterprises using AI technologies performing analysis of written language (text mining),C10-S951_X_K,"All activities (except agriculture, forestry and fishing, and mining and quarrying), without financial sector",PC_ENT,Percentage of enterprises,9.96,,
CY,Cyprus,eu27_member,2024,GE250,250 persons employed or more,E_AI_TTM,Enterprises using AI technologies performing analysis of written language (text mining),C10-S951_X_K,"All activities (except agriculture, forestry and fishing, and mining and quarrying), without financial sector",PC_ENT,Percentage of enterprises,15.09,,
CY,Cyprus,eu27_member,2025,GE250,250 persons employed or more,E_AI_TTM,Enterprises using AI technologies performing analysis of written language (text mining),C10-S951_X_K,"All activities (except agriculture, forestry and fishing, and mining and quarrying), without financial sector",PC_ENT,Percentage of enterprises,21.52,,
LV,Latvia,eu27_member,2024,GE10,10 persons employed or more,E_AI_TTM,Enterprises using AI technologies performing analysis of written language (text mining),C10-S951_X_K,"All activities (except agriculture, forestry and fishing, and mining and quarrying), without financial sector",PC_ENT,Percentage of enterprises,5.83,,
LV,Latvia,eu27_member,2025,GE10,10 persons employed or more,E_AI_TTM,Enterprises using AI technologies performing analysis of written language (text mining),C10-S951_X_K,"All activities (except agriculture, forestry and fishing, and mining and quarrying), without financial sector",PC_ENT,Percentage of enterprises,9.13,,
LV,Latvia,eu27_member,2024,10-49,From 10 to 49 persons employed,E_AI_TTM,Enterprises using AI technologies performing analysis of written language (text mining),C10-S951_X_K,"All activities (except agriculture, forestry and fishing, and mining and quarrying), without financial sector",PC_ENT,Percentage of enterprises,5.04,,
LV,Latvia,eu27_member,2025,10-49,From 10 to 49 persons employed,E_AI_TTM,Enterprises using AI technologies performing analysis of written language (text mining),C10-S951_X_K,"All activities (except agriculture, forestry and fishing, and mining and quarrying), without financial sector",PC_ENT,Percentage of enterprises,7.51,,
LV,Latvia,eu27_member,2024,50-249,From 50 to 249 persons employed,E_AI_TTM,Enterprises using AI technologies performing analysis of written language (text mining),C10-S951_X_K,"All activities (except agriculture, forestry and fishing, and mining and quarrying), without financial sector",PC_ENT,Percentage of enterprises,8.36,,
LV,Latvia,eu27_member,2025,50-249,From 50 to 249 persons employed,E_AI_TTM,Enterprises using AI technologies performing analysis of written language (text mining),C10-S951_X_K,"All activities (except agriculture, forestry and fishing, and mining and quarrying), without financial sector",PC_ENT,Percentage of enterprises,14.41,,
LV,Latvia,eu27_member,2024,GE250,250 persons employed or more,E_AI_TTM,Enterprises using AI technologies performing analysis of written language (text mining),C10-S951_X_K,"All activities (except agriculture, forestry and fishing, and mining and quarrying), without financial sector",PC_ENT,Percentage of enterprises,17.12,,
LV,Latvia,eu27_member,2025,GE250,250 persons employed or more,E_AI_TTM,Enterprises using AI technologies performing analysis of written language (text mining),C10-S951_X_K,"All activities (except agriculture, forestry and fishing, and mining and quarrying), without financial sector",PC_ENT,Percentage of enterprises,30.49,,
LT,Lithuania,eu27_member,2024,GE10,10 persons employed or more,E_AI_TTM,Enterprises using AI technologies performing analysis of written language (text mining),C10-S951_X_K,"All activities (except agriculture, forestry and fishing, and mining and quarrying), without financial sector",PC_ENT,Percentage of enterprises,6.35,,
LT,Lithuania,eu27_member,2025,GE10,10 persons employed or more,E_AI_TTM,Enterprises using AI technologies performing analysis of written language (text mining),C10-S951_X_K,"All activities (except agriculture, forestry and fishing, and mining and quarrying), without financial sector",PC_ENT,Percentage of enterprises,15.96,,
LT,Lithuania,eu27_member,2024,10-49,From 10 to 49 persons employed,E_AI_TTM,Enterprises using AI technologies performing analysis of written language (text mining),C10-S951_X_K,"All activities (except agriculture, forestry and fishing, and mining and quarrying), without financial sector",PC_ENT,Percentage of enterprises,4.89,,
LT,Lithuania,eu27_member,2025,10-49,From 10 to 49 persons employed,E_AI_TTM,Enterprises using AI technologies performing analysis of written language (text mining),C10-S951_X_K,"All activities (except agriculture, forestry and fishing, and mining and quarrying), without financial sector",PC_ENT,Percentage of enterprises,13.20,,
LT,Lithuania,eu27_member,2024,50-249,From 50 to 249 persons employed,E_AI_TTM,Enterprises using AI technologies performing analysis of written language (text mining),C10-S951_X_K,"All activities (except agriculture, forestry and fishing, and mining and quarrying), without financial sector",PC_ENT,Percentage of enterprises,10.07,,
LT,Lithuania,eu27_member,2025,50-249,From 50 to 249 persons employed,E_AI_TTM,Enterprises using AI technologies performing analysis of written language (text mining),C10-S951_X_K,"All activities (except agriculture, forestry and fishing, and mining and quarrying), without financial sector",PC_ENT,Percentage of enterprises,24.20,,
LT,Lithuania,eu27_member,2024,GE250,250 persons employed or more,E_AI_TTM,Enterprises using AI technologies performing analysis of written language (text mining),C10-S951_X_K,"All activities (except agriculture, forestry and fishing, and mining and quarrying), without financial sector",PC_ENT,Percentage of enterprises,23.01,,
LT,Lithuania,eu27_member,2025,GE250,250 persons employed or more,E_AI_TTM,Enterprises using AI technologies performing analysis of written language (text mining),C10-S951_X_K,"All activities (except agriculture, forestry and fishing, and mining and quarrying), without financial sector",PC_ENT,Percentage of enterprises,39.25,,
LU,Luxembourg,eu27_member,2024,GE10,10 persons employed or more,E_AI_TTM,Enterprises using AI technologies performing analysis of written language (text mining),C10-S951_X_K,"All activities (except agriculture, forestry and fishing, and mining and quarrying), without financial sector",PC_ENT,Percentage of enterprises,17.59,,
LU,Luxembourg,eu27_member,2025,GE10,10 persons employed or more,E_AI_TTM,Enterprises using AI technologies performing analysis of written language (text mining),C10-S951_X_K,"All activities (except agriculture, forestry and fishing, and mining and quarrying), without financial sector",PC_ENT,Percentage of enterprises,25.04,,
LU,Luxembourg,eu27_member,2024,10-49,From 10 to 49 persons employed,E_AI_TTM,Enterprises using AI technologies performing analysis of written language (text mining),C10-S951_X_K,"All activities (except agriculture, forestry and fishing, and mining and quarrying), without financial sector",PC_ENT,Percentage of enterprises,15.75,,
LU,Luxembourg,eu27_member,2025,10-49,From 10 to 49 persons employed,E_AI_TTM,Enterprises using AI technologies performing analysis of written language (text mining),C10-S951_X_K,"All activities (except agriculture, forestry and fishing, and mining and quarrying), without financial sector",PC_ENT,Percentage of enterprises,22.98,,
LU,Luxembourg,eu27_member,2024,50-249,From 50 to 249 persons employed,E_AI_TTM,Enterprises using AI technologies performing analysis of written language (text mining),C10-S951_X_K,"All activities (except agriculture, forestry and fishing, and mining and quarrying), without financial sector",PC_ENT,Percentage of enterprises,24.13,,
LU,Luxembourg,eu27_member,2025,50-249,From 50 to 249 persons employed,E_AI_TTM,Enterprises using AI technologies performing analysis of written language (text mining),C10-S951_X_K,"All activities (except agriculture, forestry and fishing, and mining and quarrying), without financial sector",PC_ENT,Percentage of enterprises,31.20,,
LU,Luxembourg,eu27_member,2024,GE250,250 persons employed or more,E_AI_TTM,Enterprises using AI technologies performing analysis of written language (text mining),C10-S951_X_K,"All activities (except agriculture, forestry and fishing, and mining and quarrying), without financial sector",PC_ENT,Percentage of enterprises,29.06,,
LU,Luxembourg,eu27_member,2025,GE250,250 persons employed or more,E_AI_TTM,Enterprises using AI technologies performing analysis of written language (text mining),C10-S951_X_K,"All activities (except agriculture, forestry and fishing, and mining and quarrying), without financial sector",PC_ENT,Percentage of enterprises,43.43,,
HU,Hungary,eu27_member,2024,GE10,10 persons employed or more,E_AI_TTM,Enterprises using AI technologies performing analysis of written language (text mining),C10-S951_X_K,"All activities (except agriculture, forestry and fishing, and mining and quarrying), without financial sector",PC_ENT,Percentage of enterprises,3.32,,
HU,Hungary,eu27_member,2025,GE10,10 persons employed or more,E_AI_TTM,Enterprises using AI technologies performing analysis of written language (text mining),C10-S951_X_K,"All activities (except agriculture, forestry and fishing, and mining and quarrying), without financial sector",PC_ENT,Percentage of enterprises,5.31,,
HU,Hungary,eu27_member,2024,10-49,From 10 to 49 persons employed,E_AI_TTM,Enterprises using AI technologies performing analysis of written language (text mining),C10-S951_X_K,"All activities (except agriculture, forestry and fishing, and mining and quarrying), without financial sector",PC_ENT,Percentage of enterprises,3.07,,
HU,Hungary,eu27_member,2025,10-49,From 10 to 49 persons employed,E_AI_TTM,Enterprises using AI technologies performing analysis of written language (text mining),C10-S951_X_K,"All activities (except agriculture, forestry and fishing, and mining and quarrying), without financial sector",PC_ENT,Percentage of enterprises,4.47,,
HU,Hungary,eu27_member,2024,50-249,From 50 to 249 persons employed,E_AI_TTM,Enterprises using AI technologies performing analysis of written language (text mining),C10-S951_X_K,"All activities (except agriculture, forestry and fishing, and mining and quarrying), without financial sector",PC_ENT,Percentage of enterprises,3.90,,
HU,Hungary,eu27_member,2025,50-249,From 50 to 249 persons employed,E_AI_TTM,Enterprises using AI technologies performing analysis of written language (text mining),C10-S951_X_K,"All activities (except agriculture, forestry and fishing, and mining and quarrying), without financial sector",PC_ENT,Percentage of enterprises,7.58,,
HU,Hungary,eu27_member,2024,GE250,250 persons employed or more,E_AI_TTM,Enterprises using AI technologies performing analysis of written language (text mining),C10-S951_X_K,"All activities (except agriculture, forestry and fishing, and mining and quarrying), without financial sector",PC_ENT,Percentage of enterprises,8.22,,
HU,Hungary,eu27_member,2025,GE250,250 persons employed or more,E_AI_TTM,Enterprises using AI technologies performing analysis of written language (text mining),C10-S951_X_K,"All activities (except agriculture, forestry and fishing, and mining and quarrying), without financial sector",PC_ENT,Percentage of enterprises,21.41,,
MT,Malta,eu27_member,2024,GE10,10 persons employed or more,E_AI_TTM,Enterprises using AI technologies performing analysis of written language (text mining),C10-S951_X_K,"All activities (except agriculture, forestry and fishing, and mining and quarrying), without financial sector",PC_ENT,Percentage of enterprises,6.59,,
MT,Malta,eu27_member,2025,GE10,10 persons employed or more,E_AI_TTM,Enterprises using AI technologies performing analysis of written language (text mining),C10-S951_X_K,"All activities (except agriculture, forestry and fishing, and mining and quarrying), without financial sector",PC_ENT,Percentage of enterprises,11.97,,
MT,Malta,eu27_member,2024,10-49,From 10 to 49 persons employed,E_AI_TTM,Enterprises using AI technologies performing analysis of written language (text mining),C10-S951_X_K,"All activities (except agriculture, forestry and fishing, and mining and quarrying), without financial sector",PC_ENT,Percentage of enterprises,5.60,,
MT,Malta,eu27_member,2025,10-49,From 10 to 49 persons employed,E_AI_TTM,Enterprises using AI technologies performing analysis of written language (text mining),C10-S951_X_K,"All activities (except agriculture, forestry and fishing, and mining and quarrying), without financial sector",PC_ENT,Percentage of enterprises,10.52,,
MT,Malta,eu27_member,2024,50-249,From 50 to 249 persons employed,E_AI_TTM,Enterprises using AI technologies performing analysis of written language (text mining),C10-S951_X_K,"All activities (except agriculture, forestry and fishing, and mining and quarrying), without financial sector",PC_ENT,Percentage of enterprises,10.83,,
MT,Malta,eu27_member,2025,50-249,From 50 to 249 persons employed,E_AI_TTM,Enterprises using AI technologies performing analysis of written language (text mining),C10-S951_X_K,"All activities (except agriculture, forestry and fishing, and mining and quarrying), without financial sector",PC_ENT,Percentage of enterprises,16.59,,
MT,Malta,eu27_member,2024,GE250,250 persons employed or more,E_AI_TTM,Enterprises using AI technologies performing analysis of written language (text mining),C10-S951_X_K,"All activities (except agriculture, forestry and fishing, and mining and quarrying), without financial sector",PC_ENT,Percentage of enterprises,8.70,,
MT,Malta,eu27_member,2025,GE250,250 persons employed or more,E_AI_TTM,Enterprises using AI technologies performing analysis of written language (text mining),C10-S951_X_K,"All activities (except agriculture, forestry and fishing, and mining and quarrying), without financial sector",PC_ENT,Percentage of enterprises,21.04,,
NL,Netherlands,eu27_member,2024,GE10,10 persons employed or more,E_AI_TTM,Enterprises using AI technologies performing analysis of written language (text mining),C10-S951_X_K,"All activities (except agriculture, forestry and fishing, and mining and quarrying), without financial sector",PC_ENT,Percentage of enterprises,14.14,,
NL,Netherlands,eu27_member,2025,GE10,10 persons employed or more,E_AI_TTM,Enterprises using AI technologies performing analysis of written language (text mining),C10-S951_X_K,"All activities (except agriculture, forestry and fishing, and mining and quarrying), without financial sector",PC_ENT,Percentage of enterprises,22.93,,
NL,Netherlands,eu27_member,2024,10-49,From 10 to 49 persons employed,E_AI_TTM,Enterprises using AI technologies performing analysis of written language (text mining),C10-S951_X_K,"All activities (except agriculture, forestry and fishing, and mining and quarrying), without financial sector",PC_ENT,Percentage of enterprises,12.59,,
NL,Netherlands,eu27_member,2025,10-49,From 10 to 49 persons employed,E_AI_TTM,Enterprises using AI technologies performing analysis of written language (text mining),C10-S951_X_K,"All activities (except agriculture, forestry and fishing, and mining and quarrying), without financial sector",PC_ENT,Percentage of enterprises,20.02,,
NL,Netherlands,eu27_member,2024,50-249,From 50 to 249 persons employed,E_AI_TTM,Enterprises using AI technologies performing analysis of written language (text mining),C10-S951_X_K,"All activities (except agriculture, forestry and fishing, and mining and quarrying), without financial sector",PC_ENT,Percentage of enterprises,17.71,,
NL,Netherlands,eu27_member,2025,50-249,From 50 to 249 persons employed,E_AI_TTM,Enterprises using AI technologies performing analysis of written language (text mining),C10-S951_X_K,"All activities (except agriculture, forestry and fishing, and mining and quarrying), without financial sector",PC_ENT,Percentage of enterprises,31.21,,
NL,Netherlands,eu27_member,2024,GE250,250 persons employed or more,E_AI_TTM,Enterprises using AI technologies performing analysis of written language (text mining),C10-S951_X_K,"All activities (except agriculture, forestry and fishing, and mining and quarrying), without financial sector",PC_ENT,Percentage of enterprises,31.96,,
NL,Netherlands,eu27_member,2025,GE250,250 persons employed or more,E_AI_TTM,Enterprises using AI technologies performing analysis of written language (text mining),C10-S951_X_K,"All activities (except agriculture, forestry and fishing, and mining and quarrying), without financial sector",PC_ENT,Percentage of enterprises,47.69,,
AT,Austria,eu27_member,2024,GE10,10 persons employed or more,E_AI_TTM,Enterprises using AI technologies performing analysis of written language (text mining),C10-S951_X_K,"All activities (except agriculture, forestry and fishing, and mining and quarrying), without financial sector",PC_ENT,Percentage of enterprises,13.13,,
AT,Austria,eu27_member,2025,GE10,10 persons employed or more,E_AI_TTM,Enterprises using AI technologies performing analysis of written language (text mining),C10-S951_X_K,"All activities (except agriculture, forestry and fishing, and mining and quarrying), without financial sector",PC_ENT,Percentage of enterprises,21.92,,
AT,Austria,eu27_member,2024,10-49,From 10 to 49 persons employed,E_AI_TTM,Enterprises using AI technologies performing analysis of written language (text mining),C10-S951_X_K,"All activities (except agriculture, forestry and fishing, and mining and quarrying), without financial sector",PC_ENT,Percentage of enterprises,11.28,,
AT,Austria,eu27_member,2025,10-49,From 10 to 49 persons employed,E_AI_TTM,Enterprises using AI technologies performing analysis of written language (text mining),C10-S951_X_K,"All activities (except agriculture, forestry and fishing, and mining and quarrying), without financial sector",PC_ENT,Percentage of enterprises,19.12,,
AT,Austria,eu27_member,2024,50-249,From 50 to 249 persons employed,E_AI_TTM,Enterprises using AI technologies performing analysis of written language (text mining),C10-S951_X_K,"All activities (except agriculture, forestry and fishing, and mining and quarrying), without financial sector",PC_ENT,Percentage of enterprises,20.24,,
AT,Austria,eu27_member,2025,50-249,From 50 to 249 persons employed,E_AI_TTM,Enterprises using AI technologies performing analysis of written language (text mining),C10-S951_X_K,"All activities (except agriculture, forestry and fishing, and mining and quarrying), without financial sector",PC_ENT,Percentage of enterprises,32.70,,
AT,Austria,eu27_member,2024,GE250,250 persons employed or more,E_AI_TTM,Enterprises using AI technologies performing analysis of written language (text mining),C10-S951_X_K,"All activities (except agriculture, forestry and fishing, and mining and quarrying), without financial sector",PC_ENT,Percentage of enterprises,33.69,,
AT,Austria,eu27_member,2025,GE250,250 persons employed or more,E_AI_TTM,Enterprises using AI technologies performing analysis of written language (text mining),C10-S951_X_K,"All activities (except agriculture, forestry and fishing, and mining and quarrying), without financial sector",PC_ENT,Percentage of enterprises,50.71,,
PL,Poland,eu27_member,2024,GE10,10 persons employed or more,E_AI_TTM,Enterprises using AI technologies performing analysis of written language (text mining),C10-S951_X_K,"All activities (except agriculture, forestry and fishing, and mining and quarrying), without financial sector",PC_ENT,Percentage of enterprises,1.49,,
PL,Poland,eu27_member,2025,GE10,10 persons employed or more,E_AI_TTM,Enterprises using AI technologies performing analysis of written language (text mining),C10-S951_X_K,"All activities (except agriculture, forestry and fishing, and mining and quarrying), without financial sector",PC_ENT,Percentage of enterprises,2.10,,
PL,Poland,eu27_member,2024,10-49,From 10 to 49 persons employed,E_AI_TTM,Enterprises using AI technologies performing analysis of written language (text mining),C10-S951_X_K,"All activities (except agriculture, forestry and fishing, and mining and quarrying), without financial sector",PC_ENT,Percentage of enterprises,1.15,,
PL,Poland,eu27_member,2025,10-49,From 10 to 49 persons employed,E_AI_TTM,Enterprises using AI technologies performing analysis of written language (text mining),C10-S951_X_K,"All activities (except agriculture, forestry and fishing, and mining and quarrying), without financial sector",PC_ENT,Percentage of enterprises,1.47,,
PL,Poland,eu27_member,2024,50-249,From 50 to 249 persons employed,E_AI_TTM,Enterprises using AI technologies performing analysis of written language (text mining),C10-S951_X_K,"All activities (except agriculture, forestry and fishing, and mining and quarrying), without financial sector",PC_ENT,Percentage of enterprises,2.13,,
PL,Poland,eu27_member,2025,50-249,From 50 to 249 persons employed,E_AI_TTM,Enterprises using AI technologies performing analysis of written language (text mining),C10-S951_X_K,"All activities (except agriculture, forestry and fishing, and mining and quarrying), without financial sector",PC_ENT,Percentage of enterprises,3.34,,
PL,Poland,eu27_member,2024,GE250,250 persons employed or more,E_AI_TTM,Enterprises using AI technologies performing analysis of written language (text mining),C10-S951_X_K,"All activities (except agriculture, forestry and fishing, and mining and quarrying), without financial sector",PC_ENT,Percentage of enterprises,6.83,,
PL,Poland,eu27_member,2025,GE250,250 persons employed or more,E_AI_TTM,Enterprises using AI technologies performing analysis of written language (text mining),C10-S951_X_K,"All activities (except agriculture, forestry and fishing, and mining and quarrying), without financial sector",PC_ENT,Percentage of enterprises,12.55,,
PT,Portugal,eu27_member,2024,GE10,10 persons employed or more,E_AI_TTM,Enterprises using AI technologies performing analysis of written language (text mining),C10-S951_X_K,"All activities (except agriculture, forestry and fishing, and mining and quarrying), without financial sector",PC_ENT,Percentage of enterprises,4.15,,
PT,Portugal,eu27_member,2025,GE10,10 persons employed or more,E_AI_TTM,Enterprises using AI technologies performing analysis of written language (text mining),C10-S951_X_K,"All activities (except agriculture, forestry and fishing, and mining and quarrying), without financial sector",PC_ENT,Percentage of enterprises,6.86,,
PT,Portugal,eu27_member,2024,10-49,From 10 to 49 persons employed,E_AI_TTM,Enterprises using AI technologies performing analysis of written language (text mining),C10-S951_X_K,"All activities (except agriculture, forestry and fishing, and mining and quarrying), without financial sector",PC_ENT,Percentage of enterprises,3.47,,
PT,Portugal,eu27_member,2025,10-49,From 10 to 49 persons employed,E_AI_TTM,Enterprises using AI technologies performing analysis of written language (text mining),C10-S951_X_K,"All activities (except agriculture, forestry and fishing, and mining and quarrying), without financial sector",PC_ENT,Percentage of enterprises,5.83,,
PT,Portugal,eu27_member,2024,50-249,From 50 to 249 persons employed,E_AI_TTM,Enterprises using AI technologies performing analysis of written language (text mining),C10-S951_X_K,"All activities (except agriculture, forestry and fishing, and mining and quarrying), without financial sector",PC_ENT,Percentage of enterprises,6.06,,
PT,Portugal,eu27_member,2025,50-249,From 50 to 249 persons employed,E_AI_TTM,Enterprises using AI technologies performing analysis of written language (text mining),C10-S951_X_K,"All activities (except agriculture, forestry and fishing, and mining and quarrying), without financial sector",PC_ENT,Percentage of enterprises,9.71,,
PT,Portugal,eu27_member,2024,GE250,250 persons employed or more,E_AI_TTM,Enterprises using AI technologies performing analysis of written language (text mining),C10-S951_X_K,"All activities (except agriculture, forestry and fishing, and mining and quarrying), without financial sector",PC_ENT,Percentage of enterprises,18.37,,
PT,Portugal,eu27_member,2025,GE250,250 persons employed or more,E_AI_TTM,Enterprises using AI technologies performing analysis of written language (text mining),C10-S951_X_K,"All activities (except agriculture, forestry and fishing, and mining and quarrying), without financial sector",PC_ENT,Percentage of enterprises,27.57,,
RO,Romania,eu27_member,2024,GE10,10 persons employed or more,E_AI_TTM,Enterprises using AI technologies performing analysis of written language (text mining),C10-S951_X_K,"All activities (except agriculture, forestry and fishing, and mining and quarrying), without financial sector",PC_ENT,Percentage of enterprises,1.86,,
RO,Romania,eu27_member,2025,GE10,10 persons employed or more,E_AI_TTM,Enterprises using AI technologies performing analysis of written language (text mining),C10-S951_X_K,"All activities (except agriculture, forestry and fishing, and mining and quarrying), without financial sector",PC_ENT,Percentage of enterprises,3.57,,
RO,Romania,eu27_member,2024,10-49,From 10 to 49 persons employed,E_AI_TTM,Enterprises using AI technologies performing analysis of written language (text mining),C10-S951_X_K,"All activities (except agriculture, forestry and fishing, and mining and quarrying), without financial sector",PC_ENT,Percentage of enterprises,1.48,,
RO,Romania,eu27_member,2025,10-49,From 10 to 49 persons employed,E_AI_TTM,Enterprises using AI technologies performing analysis of written language (text mining),C10-S951_X_K,"All activities (except agriculture, forestry and fishing, and mining and quarrying), without financial sector",PC_ENT,Percentage of enterprises,2.79,,
RO,Romania,eu27_member,2024,50-249,From 50 to 249 persons employed,E_AI_TTM,Enterprises using AI technologies performing analysis of written language (text mining),C10-S951_X_K,"All activities (except agriculture, forestry and fishing, and mining and quarrying), without financial sector",PC_ENT,Percentage of enterprises,2.55,,
RO,Romania,eu27_member,2025,50-249,From 50 to 249 persons employed,E_AI_TTM,Enterprises using AI technologies performing analysis of written language (text mining),C10-S951_X_K,"All activities (except agriculture, forestry and fishing, and mining and quarrying), without financial sector",PC_ENT,Percentage of enterprises,5.36,,
RO,Romania,eu27_member,2024,GE250,250 persons employed or more,E_AI_TTM,Enterprises using AI technologies performing analysis of written language (text mining),C10-S951_X_K,"All activities (except agriculture, forestry and fishing, and mining and quarrying), without financial sector",PC_ENT,Percentage of enterprises,7.73,,
RO,Romania,eu27_member,2025,GE250,250 persons employed or more,E_AI_TTM,Enterprises using AI technologies performing analysis of written language (text mining),C10-S951_X_K,"All activities (except agriculture, forestry and fishing, and mining and quarrying), without financial sector",PC_ENT,Percentage of enterprises,15.05,,
SI,Slovenia,eu27_member,2024,GE10,10 persons employed or more,E_AI_TTM,Enterprises using AI technologies performing analysis of written language (text mining),C10-S951_X_K,"All activities (except agriculture, forestry and fishing, and mining and quarrying), without financial sector",PC_ENT,Percentage of enterprises,4.54,,
SI,Slovenia,eu27_member,2025,GE10,10 persons employed or more,E_AI_TTM,Enterprises using AI technologies performing analysis of written language (text mining),C10-S951_X_K,"All activities (except agriculture, forestry and fishing, and mining and quarrying), without financial sector",PC_ENT,Percentage of enterprises,14.17,,
SI,Slovenia,eu27_member,2024,10-49,From 10 to 49 persons employed,E_AI_TTM,Enterprises using AI technologies performing analysis of written language (text mining),C10-S951_X_K,"All activities (except agriculture, forestry and fishing, and mining and quarrying), without financial sector",PC_ENT,Percentage of enterprises,4.25,,
SI,Slovenia,eu27_member,2025,10-49,From 10 to 49 persons employed,E_AI_TTM,Enterprises using AI technologies performing analysis of written language (text mining),C10-S951_X_K,"All activities (except agriculture, forestry and fishing, and mining and quarrying), without financial sector",PC_ENT,Percentage of enterprises,12.09,,
SI,Slovenia,eu27_member,2024,50-249,From 50 to 249 persons employed,E_AI_TTM,Enterprises using AI technologies performing analysis of written language (text mining),C10-S951_X_K,"All activities (except agriculture, forestry and fishing, and mining and quarrying), without financial sector",PC_ENT,Percentage of enterprises,4.52,,
SI,Slovenia,eu27_member,2025,50-249,From 50 to 249 persons employed,E_AI_TTM,Enterprises using AI technologies performing analysis of written language (text mining),C10-S951_X_K,"All activities (except agriculture, forestry and fishing, and mining and quarrying), without financial sector",PC_ENT,Percentage of enterprises,21.11,,
SI,Slovenia,eu27_member,2024,GE250,250 persons employed or more,E_AI_TTM,Enterprises using AI technologies performing analysis of written language (text mining),C10-S951_X_K,"All activities (except agriculture, forestry and fishing, and mining and quarrying), without financial sector",PC_ENT,Percentage of enterprises,13.44,,
SI,Slovenia,eu27_member,2025,GE250,250 persons employed or more,E_AI_TTM,Enterprises using AI technologies performing analysis of written language (text mining),C10-S951_X_K,"All activities (except agriculture, forestry and fishing, and mining and quarrying), without financial sector",PC_ENT,Percentage of enterprises,38.32,,
SK,Slovakia,eu27_member,2024,GE10,10 persons employed or more,E_AI_TTM,Enterprises using AI technologies performing analysis of written language (text mining),C10-S951_X_K,"All activities (except agriculture, forestry and fishing, and mining and quarrying), without financial sector",PC_ENT,Percentage of enterprises,5.97,,
SK,Slovakia,eu27_member,2025,GE10,10 persons employed or more,E_AI_TTM,Enterprises using AI technologies performing analysis of written language (text mining),C10-S951_X_K,"All activities (except agriculture, forestry and fishing, and mining and quarrying), without financial sector",PC_ENT,Percentage of enterprises,10.37,,
SK,Slovakia,eu27_member,2024,10-49,From 10 to 49 persons employed,E_AI_TTM,Enterprises using AI technologies performing analysis of written language (text mining),C10-S951_X_K,"All activities (except agriculture, forestry and fishing, and mining and quarrying), without financial sector",PC_ENT,Percentage of enterprises,4.86,,
SK,Slovakia,eu27_member,2025,10-49,From 10 to 49 persons employed,E_AI_TTM,Enterprises using AI technologies performing analysis of written language (text mining),C10-S951_X_K,"All activities (except agriculture, forestry and fishing, and mining and quarrying), without financial sector",PC_ENT,Percentage of enterprises,8.80,,
SK,Slovakia,eu27_member,2024,50-249,From 50 to 249 persons employed,E_AI_TTM,Enterprises using AI technologies performing analysis of written language (text mining),C10-S951_X_K,"All activities (except agriculture, forestry and fishing, and mining and quarrying), without financial sector",PC_ENT,Percentage of enterprises,9.22,,
SK,Slovakia,eu27_member,2025,50-249,From 50 to 249 persons employed,E_AI_TTM,Enterprises using AI technologies performing analysis of written language (text mining),C10-S951_X_K,"All activities (except agriculture, forestry and fishing, and mining and quarrying), without financial sector",PC_ENT,Percentage of enterprises,13.56,,
SK,Slovakia,eu27_member,2024,GE250,250 persons employed or more,E_AI_TTM,Enterprises using AI technologies performing analysis of written language (text mining),C10-S951_X_K,"All activities (except agriculture, forestry and fishing, and mining and quarrying), without financial sector",PC_ENT,Percentage of enterprises,14.22,,
SK,Slovakia,eu27_member,2025,GE250,250 persons employed or more,E_AI_TTM,Enterprises using AI technologies performing analysis of written language (text mining),C10-S951_X_K,"All activities (except agriculture, forestry and fishing, and mining and quarrying), without financial sector",PC_ENT,Percentage of enterprises,27.60,,
FI,Finland,eu27_member,2024,GE10,10 persons employed or more,E_AI_TTM,Enterprises using AI technologies performing analysis of written language (text mining),C10-S951_X_K,"All activities (except agriculture, forestry and fishing, and mining and quarrying), without financial sector",PC_ENT,Percentage of enterprises,15.37,,
FI,Finland,eu27_member,2025,GE10,10 persons employed or more,E_AI_TTM,Enterprises using AI technologies performing analysis of written language (text mining),C10-S951_X_K,"All activities (except agriculture, forestry and fishing, and mining and quarrying), without financial sector",PC_ENT,Percentage of enterprises,28.49,,
FI,Finland,eu27_member,2024,10-49,From 10 to 49 persons employed,E_AI_TTM,Enterprises using AI technologies performing analysis of written language (text mining),C10-S951_X_K,"All activities (except agriculture, forestry and fishing, and mining and quarrying), without financial sector",PC_ENT,Percentage of enterprises,11.89,,
FI,Finland,eu27_member,2025,10-49,From 10 to 49 persons employed,E_AI_TTM,Enterprises using AI technologies performing analysis of written language (text mining),C10-S951_X_K,"All activities (except agriculture, forestry and fishing, and mining and quarrying), without financial sector",PC_ENT,Percentage of enterprises,24.55,,
FI,Finland,eu27_member,2024,50-249,From 50 to 249 persons employed,E_AI_TTM,Enterprises using AI technologies performing analysis of written language (text mining),C10-S951_X_K,"All activities (except agriculture, forestry and fishing, and mining and quarrying), without financial sector",PC_ENT,Percentage of enterprises,25.90,,
FI,Finland,eu27_member,2025,50-249,From 50 to 249 persons employed,E_AI_TTM,Enterprises using AI technologies performing analysis of written language (text mining),C10-S951_X_K,"All activities (except agriculture, forestry and fishing, and mining and quarrying), without financial sector",PC_ENT,Percentage of enterprises,40.38,,
FI,Finland,eu27_member,2024,GE250,250 persons employed or more,E_AI_TTM,Enterprises using AI technologies performing analysis of written language (text mining),C10-S951_X_K,"All activities (except agriculture, forestry and fishing, and mining and quarrying), without financial sector",PC_ENT,Percentage of enterprises,52.72,,
FI,Finland,eu27_member,2025,GE250,250 persons employed or more,E_AI_TTM,Enterprises using AI technologies performing analysis of written language (text mining),C10-S951_X_K,"All activities (except agriculture, forestry and fishing, and mining and quarrying), without financial sector",PC_ENT,Percentage of enterprises,68.67,,
SE,Sweden,eu27_member,2024,GE10,10 persons employed or more,E_AI_TTM,Enterprises using AI technologies performing analysis of written language (text mining),C10-S951_X_K,"All activities (except agriculture, forestry and fishing, and mining and quarrying), without financial sector",PC_ENT,Percentage of enterprises,15.62,,
SE,Sweden,eu27_member,2025,GE10,10 persons employed or more,E_AI_TTM,Enterprises using AI technologies performing analysis of written language (text mining),C10-S951_X_K,"All activities (except agriculture, forestry and fishing, and mining and quarrying), without financial sector",PC_ENT,Percentage of enterprises,25.84,,
SE,Sweden,eu27_member,2024,10-49,From 10 to 49 persons employed,E_AI_TTM,Enterprises using AI technologies performing analysis of written language (text mining),C10-S951_X_K,"All activities (except agriculture, forestry and fishing, and mining and quarrying), without financial sector",PC_ENT,Percentage of enterprises,13.73,,
SE,Sweden,eu27_member,2025,10-49,From 10 to 49 persons employed,E_AI_TTM,Enterprises using AI technologies performing analysis of written language (text mining),C10-S951_X_K,"All activities (except agriculture, forestry and fishing, and mining and quarrying), without financial sector",PC_ENT,Percentage of enterprises,22.51,,
SE,Sweden,eu27_member,2024,50-249,From 50 to 249 persons employed,E_AI_TTM,Enterprises using AI technologies performing analysis of written language (text mining),C10-S951_X_K,"All activities (except agriculture, forestry and fishing, and mining and quarrying), without financial sector",PC_ENT,Percentage of enterprises,21.70,,
SE,Sweden,eu27_member,2025,50-249,From 50 to 249 persons employed,E_AI_TTM,Enterprises using AI technologies performing analysis of written language (text mining),C10-S951_X_K,"All activities (except agriculture, forestry and fishing, and mining and quarrying), without financial sector",PC_ENT,Percentage of enterprises,37.13,,
SE,Sweden,eu27_member,2024,GE250,250 persons employed or more,E_AI_TTM,Enterprises using AI technologies performing analysis of written language (text mining),C10-S951_X_K,"All activities (except agriculture, forestry and fishing, and mining and quarrying), without financial sector",PC_ENT,Percentage of enterprises,34.18,,
SE,Sweden,eu27_member,2025,GE250,250 persons employed or more,E_AI_TTM,Enterprises using AI technologies performing analysis of written language (text mining),C10-S951_X_K,"All activities (except agriculture, forestry and fishing, and mining and quarrying), without financial sector",PC_ENT,Percentage of enterprises,54.23,,
TR,Türkiye,comparison_country,2024,GE10,10 persons employed or more,E_AI_TTM,Enterprises using AI technologies performing analysis of written language (text mining),C10-S951_X_K,"All activities (except agriculture, forestry and fishing, and mining and quarrying), without financial sector",PC_ENT,Percentage of enterprises,2.35,,
TR,Türkiye,comparison_country,2025,GE10,10 persons employed or more,E_AI_TTM,Enterprises using AI technologies performing analysis of written language (text mining),C10-S951_X_K,"All activities (except agriculture, forestry and fishing, and mining and quarrying), without financial sector",PC_ENT,Percentage of enterprises,3.14,,
TR,Türkiye,comparison_country,2024,10-49,From 10 to 49 persons employed,E_AI_TTM,Enterprises using AI technologies performing analysis of written language (text mining),C10-S951_X_K,"All activities (except agriculture, forestry and fishing, and mining and quarrying), without financial sector",PC_ENT,Percentage of enterprises,2.05,,
TR,Türkiye,comparison_country,2025,10-49,From 10 to 49 persons employed,E_AI_TTM,Enterprises using AI technologies performing analysis of written language (text mining),C10-S951_X_K,"All activities (except agriculture, forestry and fishing, and mining and quarrying), without financial sector",PC_ENT,Percentage of enterprises,2.78,,
TR,Türkiye,comparison_country,2024,50-249,From 50 to 249 persons employed,E_AI_TTM,Enterprises using AI technologies performing analysis of written language (text mining),C10-S951_X_K,"All activities (except agriculture, forestry and fishing, and mining and quarrying), without financial sector",PC_ENT,Percentage of enterprises,3.02,,
TR,Türkiye,comparison_country,2025,50-249,From 50 to 249 persons employed,E_AI_TTM,Enterprises using AI technologies performing analysis of written language (text mining),C10-S951_X_K,"All activities (except agriculture, forestry and fishing, and mining and quarrying), without financial sector",PC_ENT,Percentage of enterprises,3.81,,
TR,Türkiye,comparison_country,2024,GE250,250 persons employed or more,E_AI_TTM,Enterprises using AI technologies performing analysis of written language (text mining),C10-S951_X_K,"All activities (except agriculture, forestry and fishing, and mining and quarrying), without financial sector",PC_ENT,Percentage of enterprises,8.17,,
TR,Türkiye,comparison_country,2025,GE250,250 persons employed or more,E_AI_TTM,Enterprises using AI technologies performing analysis of written language (text mining),C10-S951_X_K,"All activities (except agriculture, forestry and fishing, and mining and quarrying), without financial sector",PC_ENT,Percentage of enterprises,10.95,,
